time,heart_rate,hrv,perc_hr,perc_hrv,stress,speaker
0,92.31844996594258,26.928387946465524,0.1961706415500651,-0.1384586364388762,0.11423464704057,1
1,93.04748874414626,26.645869623639623,0.2056168008319908,-0.1474974701619464,0.1206840283143758,1
2,93.81086269917218,26.42288771500952,0.2155078411805107,-0.1546315079659382,0.1265049555405285,1
3,94.83519368240866,26.021757972896467,0.2287801031154719,-0.1674651712981824,0.1356200994539145,1
4,95.60869506528446,26.021757972896467,0.2388023645998853,-0.1674651712981824,0.1386267778992385,1
5,96.90480909460128,25.330451429060652,0.2555961208917412,-0.1895826921686883,0.1525119131349977,1
6,97.7660946618564,25.181628893682227,0.2667558025146608,-0.194344090077596,0.1577643767854366,1
7,98.5786489605812,24.63280482124809,0.277284072835041,-0.2119030557557526,0.1679464441528133,1
8,100.06138737529736,19.658914521667096,0.2964959222696475,-0.3710366897268463,0.2373634525716328,1
9,101.3402065953646,17.867695346630484,0.3130655896271335,-0.4283445914685259,0.2652575134755504,1
10,102.55454198198922,16.59237899317219,0.3287997396156957,-0.4691468033318793,0.2862986432174604,1
11,103.99743781495452,14.53651363193489,0.3474953485090941,-0.5349217412947344,0.3182173010706219,1
12,104.81018667218274,14.390414309532584,0.3580261397250255,-0.5395960132819054,0.3232462472302698,1
13,105.61314754963152,13.235570362607335,0.3684301080354972,-0.5765438554888831,0.3411465746062024,1
14,106.58539963855524,12.96994661878444,0.3810275834630559,-0.5850421674896736,0.3483251420347862,1
15,107.3448217284144,12.468281149522165,0.390867419473834,-0.6010923504155506,0.3576971660083705,1
16,107.80186005304576,12.468281149522165,0.3967892674488484,-0.6010923504155506,0.3594737204008748,1
17,108.310810317343,12.327920792202711,0.4033837386990276,-0.6055830111218407,0.3632483260584445,1
18,108.7175955104371,12.020968641375095,0.40865445658452,-0.6154035757652861,0.3687577672814704,1
19,109.19819088275676,12.439618396323674,0.4148815333502765,-0.6020093807080114,0.3652682122882875,1
20,109.65037639788652,13.948761830907609,0.4207405034470663,-0.5537261527990264,0.3477126121537304,1
21,110.09630907068238,13.977205972312674,0.4265184554328625,-0.5528161167277931,0.3490819833209759,1
22,110.8266101965726,13.816543094940206,0.4359809709603989,-0.5579563321287413,0.3539768241396162,1
23,111.56920157061248,13.322934811819817,0.4456027312978238,-0.573748735080973,0.3631803134217364,1
24,111.97155221067024,12.604522468807254,0.4508159906563108,-0.5967334733738356,0.3739381865464275,1
25,112.37496750817157,12.473449349184326,0.4560430447868911,-0.6009270000873784,0.3771837134710187,1
26,112.63389556726229,12.8971715021053,0.4593979770097796,-0.5873705197616964,0.3727676010076124,1
27,112.68400644855626,12.853819542462412,0.4600472639621513,-0.5887575135356287,0.3735171846028968,1
28,112.7377948779365,13.607732017741473,0.4607442009244104,-0.5646369912359299,0.3640780567716951,1
29,112.91910134563312,13.322934811819795,0.4630933897795292,-0.5737487350809737,0.3684275109662482,1
30,113.18727220254628,13.198997840745324,0.4665680809823947,-0.5777139493101883,0.3710560040187937,1
31,113.43777297703905,13.322934811819795,0.4698138208344431,-0.5737487350809737,0.3704436402827224,1
32,113.6938292660242,13.201261625658764,0.4731315435169763,-0.5776415222363875,0.3729960719496479,1
33,114.06540438473212,13.037264431411415,0.477946044283539,-0.5828884150928387,0.3765391793221971,1
34,114.31414046040268,12.702919922027936,0.4811689189236704,-0.5935853652810965,0.3817848217895397,1
35,114.38172444112465,12.647911658978844,0.4820446049171911,-0.5953452884539451,0.3827514968567354,1
36,114.30904304587752,12.2965120257738,0.4811028716968696,-0.6065878968027337,0.3869660202301543,1
37,114.4605563801698,12.429451154415451,0.4830660307658385,-0.6023346693764113,0.3858536769803161,1
38,114.57518995763664,12.429451154415451,0.4845513386317341,-0.6023346693764113,0.3862992693400847,1
39,114.46778146501508,12.34098418549616,0.4831596462281626,-0.6051650635754392,0.3870139192986245,1
40,114.10596425348776,12.734246529208802,0.4784715787162391,-0.5925831081864645,0.3805747168894575,1
41,113.72897506160076,12.734246529208802,0.473586927775032,-0.5925831081864645,0.3791093216070954,1
42,113.35653688980366,12.734246529208802,0.4687612444250559,-0.5925831081864645,0.3776616166021026,1
43,113.11691969108176,13.073886032851894,0.4656565231214882,-0.5817167510294888,0.3723836573482419,1
44,112.98705632502006,13.073886032851892,0.4639738828047023,-0.5817167510294888,0.3718788652532062,1
45,112.84424518651429,12.947565330980172,0.4621234781322887,-0.5857582298566997,0.3729403353823665,1
46,112.80960187202987,13.073886032851888,0.4616746045243859,-0.5817167510294889,0.3711890817691113,1
47,112.75320763564994,13.567412723139212,0.4609439041071322,-0.5659269585417527,0.3646539546488407,1
48,112.86857581064557,13.198997840745324,0.4624387301570699,-0.5777139493101883,0.3698171987711963,1
49,112.95241782215436,11.718010868615073,0.4635250715409681,-0.625096345089763,0.3890960594981956,1
50,111.9876998694752,18.147313788432943,0.451025215956339,-0.4193985359487432,0.303066979166399,1
51,111.08565956738256,18.32097625044119,0.4393374750198716,-0.4138424144826008,0.2973382082990018,1
52,110.67578244826444,20.18269313431301,0.4340266950326308,-0.354279023391965,0.2719196178665752,1
53,110.44900003991864,20.102757141229272,0.4310882741754419,-0.3568364792863127,0.2720610739671576,1
54,110.32220902429128,20.074971699972984,0.4294454423193858,-0.357725441039043,0.271923809111433,1
55,110.23423442359405,19.93546360464373,0.4283055549556471,-0.3621888346486689,0.2733672003461617,1
56,110.36482442005624,19.68185727545346,0.4299976102263524,-0.3703026639314572,0.2771203486404886,1
57,110.61224949090465,19.33854272474999,0.4332034981701109,-0.3812865997961462,0.2824756893694918,1
58,110.96168974648874,19.309657656013805,0.4377311973988098,-0.3822107428066749,0.2842036563423129,1
59,111.26004347081188,19.33854272474999,0.4415969681733851,-0.3812865997961462,0.284993730370474,1
60,111.53309257073953,19.101369793813205,0.4451348667966355,-0.3888746622796966,0.2890903249508693,1
61,111.58738489522,19.25175750271636,0.4458383327303576,-0.384063188527579,0.2873767752301389,1
62,111.5890321250592,19.22274202653897,0.4458596758960441,-0.3849915037672414,0.2877545042757098,1
63,111.53994799578292,19.3096576560138,0.4452236925749637,-0.382210742806675,0.2864514048951591,1
64,111.46065271797872,19.3096576560138,0.4441962632435796,-0.382210742806675,0.2861431760957439,1
65,111.34384001301572,19.367384713520536,0.44268272041126,-0.3803638350772707,0.2849503501542863,1
66,111.14324244923226,19.367384713520533,0.4400835767227258,-0.3803638350772708,0.2841706070477261,1
67,110.98271171521267,19.794972329089862,0.4380035791580837,-0.3666836839263067,0.2780745473179478,1
68,110.99370863585808,19.87938624009852,0.4381460663166996,-0.3639829624372035,0.2770370048698913,1
69,111.29126273566683,19.738495830745983,0.4420014763522387,-0.3684905815203651,0.2799966755138177,1
70,111.767492240947,19.963443216454493,0.4481719845558122,-0.3612936606427359,0.278969059623838,1
71,111.93833598743964,19.970690790923232,0.4503856078772857,-0.3610617832201912,0.2795403956512622,1
72,112.0151620306054,20.04714774800116,0.4513810433224784,-0.3586156348957684,0.2788605669550509,1
73,112.24853748631968,20.296190188085617,0.4544048903290819,-0.3506478217522002,0.2765805957996046,1
74,112.13995476024084,20.704605164524807,0.4529979833764315,-0.3375810761155983,0.2709318254591688,1
75,111.57448865371414,25.025500467730453,0.4456712360613674,-0.1993392311626307,0.2134370632834625,1
76,111.22065037496635,24.913729027139546,0.4410865516234154,-0.2029152238854524,0.2134920550412056,1
77,110.84929716945436,25.092324352956265,0.4362749261872993,-0.1972012813785459,0.2097629904076081,1
78,110.29321493588972,20.99906165019474,0.4290697657635378,-0.3281602952401212,0.2599850478251098,1
79,110.71474651255932,21.09239920700565,0.4345315526185433,-0.3251740724433388,0.2604290947628985,1
80,110.9657363021929,19.396183814504287,0.4377836286423422,-0.3794424425015175,0.2831120655933097,1
81,111.2067105809173,19.453654114718265,0.4409059336386368,-0.3776037494126832,0.2833132798566643,1
82,111.29553532619931,19.33854272475001,0.4420568363302299,-0.3812865997961456,0.2851316908175272,1
83,111.02261081239992,20.902739871936564,0.4385205519700982,-0.3312419946105461,0.2640529634352479,1
84,110.18002845126944,22.512787249380064,0.427603207887263,-0.2797304664894299,0.2401731489619508,1
85,109.1770076065676,23.026639515670016,0.4146070615293277,-0.2632903816596759,0.2296982711226686,1
86,108.15855369878008,23.612155995783848,0.4014109488918561,-0.244557486557762,0.2182462792906616,1
87,106.94202015223811,23.84252394851045,0.3856483173336887,-0.2371871411621361,0.210569351664961,1
88,105.8716035870038,24.63842577438746,0.3717789242704982,-0.2117232201249739,0.196222965331139,1
89,104.80756091672149,24.710362937035143,0.3579921177977097,-0.2094216771836951,0.1911663062127909,1
90,103.97279410501592,24.90117938411754,0.3471760398298613,-0.2033167346102265,0.185479505793049,1
91,103.16650045700716,25.153989717217385,0.3367288887937231,-0.1952283722643561,0.1791100155438594,1
92,102.30375709467155,25.153989717217385,0.3255503185122814,-0.1952283722643561,0.1757564444594269,1
93,101.46889088049969,25.559749411917178,0.3147329525861546,-0.1822465791713281,0.1673185174443776,1
94,100.6184772229186,25.631986247655497,0.3037141383540376,-0.1799354485501763,0.1630884209262818,1
95,99.77389003152904,26.09690347001737,0.2927708176749956,-0.1650609815567196,0.1538556379251865,1
96,98.61508972512912,27.07682808473761,0.2777562360128665,-0.1337094728651644,0.1368106599499257,1
97,97.33222930589292,28.46627459934331,0.2611342068165028,-0.0892558038535455,0.114042583586369,1
98,96.21449926054515,28.62048849338531,0.2466517727427435,-0.0843219159127914,0.1077242981879396,1
99,95.18925903635356,30.33765712773485,0.2333677297679467,-0.0293831720992734,0.0817635877700933,1
100,93.96295018454356,30.424212673461277,0.21747843952803,-0.0266139315848701,0.075889104492357,1
101,92.84550157519566,30.89883545907959,0.2029996520220003,-0.0114289467758388,0.0654714743169356,1
102,91.56762324689969,31.256059297209863,0.1864421758041412,0.0,0.0559326527412423,1
103,90.61111018719912,28.68505188551033,0.1740486310609708,-0.0822562878849235,0.0851171044722606,1
104,90.07468156310452,27.55554550358241,0.1670981225584367,-0.1183934851940143,0.0974868308451367,1
105,89.53058439322035,27.784648669981173,0.1600482526677916,-0.1110636051147552,0.0924399178462395,1
106,88.57312381033246,27.91111563517304,0.1476424308617018,-0.1070174467686467,0.0870997079659692,1
107,87.85148882672699,28.63001101181392,0.1382922025853088,-0.0840172543961855,0.0750945625340668,1
108,87.44477501915306,28.162345864139755,0.1330224096423764,-0.0989796379528328,0.079498578073846,1
109,86.7401819013135,28.503720096104544,0.1238929929103058,-0.0880577802509803,0.0723910099734839,1
110,85.84293837368845,28.960150158450503,0.1122674038058328,-0.0734548497277873,0.0630621610328647,1
111,84.7486466924279,28.104761774475165,0.0980886607387727,-0.100821971598192,0.0697553868609086,1
112,84.1894270866321,27.866917482922304,0.0908428493665182,-0.1084315134566595,0.0706254601926192,1
113,83.71152646530545,26.417145481384168,0.0846506885035449,-0.1548152238199026,0.0873212960790245,1
114,83.49105095638319,25.95365080588561,0.0817939861753439,-0.1696441781385275,0.0923958671080142,1
115,83.02149773358884,25.95365080588561,0.075709982599038,-0.1696441781385275,0.0905706660351224,1
116,82.71170733753658,25.481726882671783,0.0716960268087426,-0.1847428160930555,0.095405934479845,1
117,82.18585478987922,26.733376820194767,0.0648825525842068,-0.1446977827246066,0.0773438788651047,1
118,81.97154316439295,26.787830509106485,0.0621057157260911,-0.1429556024838436,0.0758139557113648,1
119,81.43874999177683,27.109310795176523,0.0552023117874761,-0.1326702276381817,0.0696287845915155,1
120,81.14786942037136,27.19532680443463,0.051433370694543,-0.1299182489437407,0.0673973107858592,1
121,80.73324529943986,26.87858906071406,0.0460610837798501,-0.140051891854664,0.0698390818758206,1
122,80.66045601476017,26.791556163914983,0.0451179526355838,-0.1428364046421364,0.0706699476475297,1
123,80.5360810619909,26.645869623639623,0.0435064257186818,-0.1474974701619464,0.0720509157803831,1
124,80.57347017784049,25.45037246341036,0.043990876689309,-0.1857459630017325,0.0874956482074857,1
125,80.77553999305911,23.82607969250321,0.0466090963474286,-0.2377132553421379,0.1090680310410837,1
126,80.8797022991205,23.510488544029613,0.0479587278946734,-0.2478102143180818,0.1135117040956347,1
127,80.90568520911567,20.65488392353578,0.0482953885960797,-0.3391718473806587,0.1501573555310874,1
128,81.33054861094638,20.50356405475322,0.053800345927214,-0.3440131444662471,0.1537453615646631,1
129,81.54097647068292,19.92588261269088,0.0565268608120927,-0.362495366955309,0.1619562050257514,1
130,82.05120991323444,20.388358126070937,0.0631379582096585,-0.3476990195020859,0.1580209952637319,1
131,82.58627755805803,19.822428229737064,0.0700708324966231,-0.3658052654287563,0.1673433559204894,1
132,83.22641359142732,19.82242822973706,0.0783650784463453,-0.3658052654287564,0.1698316297054062,1
133,83.84335286800025,19.42134799647027,0.086358763896306,-0.3786373447850492,0.1773625670829115,1
134,84.69107328244763,19.0018309725061,0.0973426817629805,-0.3920592870707045,0.1860265193571759,1
135,85.31002148618052,18.1619180374761,0.1053623968927141,-0.4189312905770767,0.1991812352986449,1
136,85.6222256051297,18.91791141981071,0.1094076273032744,-0.3947441921605434,0.1907199650551997,1
137,85.80769526470431,19.57307958395918,0.1118107586574433,-0.3737828752549617,0.1830563776992177,1
138,85.75534236220012,19.268421616728237,0.1111324218244642,-0.383530040255322,0.1867517426494681,1
139,85.8542317342908,19.70259758533772,0.1124137319385295,-0.3696391026780361,0.1815797606527733,1
140,86.12343440461697,19.383229514196017,0.1159017923532119,-0.3798568997491535,0.186713297605625,1
141,86.35360047225905,19.14538946982325,0.1188840553016912,-0.3874663057242054,0.1906517388801895,1
142,86.59583956348041,18.95601399903753,0.1220227484801584,-0.393525145995302,0.1940168829421683,1
143,87.50769484507197,19.70259758533772,0.1338376621575931,-0.3696391026780362,0.1880069397184924,1
144,88.13323979201617,19.518629060214334,0.1419428513237965,-0.3755249542300201,0.192792837089147,1
145,88.88782022067997,18.310622490783857,0.1517199539050128,-0.4141736705619063,0.2111854543962663,1
146,89.56050765348074,18.13443370920327,0.1604359685082996,-0.4198106185822958,0.2160550379854082,1
147,90.34776350590644,18.000250474447757,0.1706364467269818,-0.4241036496864278,0.2208323938926656,1
148,90.96267083666515,17.828345332708956,0.1786038042443453,-0.4296035478055149,0.2254225603955095,1
149,91.62954419790869,18.37171916536144,0.1872444858918987,-0.4122189559897134,0.221060928163455,1
150,92.37449705420396,18.8779542742691,0.1968968439673215,-0.3960225729430235,0.2174780823674059,1
151,92.97444763218618,18.8414751014882,0.2046704067603285,-0.3971896801728258,0.2202769940972289,1
152,93.57036678768016,18.8414751014882,0.2123917343909613,-0.3971896801728258,0.2225933923864187,1
153,94.07351617599376,18.52478910001406,0.2189110436605237,-0.4073216676528472,0.228601980159296,1
154,94.85352693572324,18.69819184257713,0.2290176471750514,-0.4017738555977764,0.229414836391626,1
155,95.28570816433584,18.56024327426771,0.2346174216262705,-0.4061873540173208,0.2328601680948094,1
156,95.69954694182589,18.35739299479142,0.2399795328418635,-0.4126773045753041,0.2370647816826807,1
157,96.28139326295684,17.947999999999997,0.2475185186836703,-0.4257753407320236,0.2445656918979105,1
158,96.7600005668426,17.533124238572462,0.253719836036277,-0.43904879140866,0.2517354673743471,1
159,97.29536665347088,17.49640561347685,0.2606565772352741,-0.4402235596270863,0.2542863970214168,1
160,97.70233130820844,17.052825050787508,0.2659296204062245,-0.4544153858733636,0.2615450404712128,1
161,97.8391210486395,17.087293860593046,0.2677020057921278,-0.4533125977874511,0.2616356408526187,1
162,97.95700330243152,17.0496151072201,0.2692294067742476,-0.4545180841545796,0.2625760556941062,1
163,98.0139242303942,17.16320047523746,0.2699669315371079,-0.4508840570068419,0.2613437022638691,1
164,98.04713616970412,16.78349552646755,0.2703972588093501,-0.4630322598611859,0.2663320815872794,1
165,98.29421096736132,15.837173166731596,0.2735986082615287,-0.4933087048454206,0.2794030644166269,1
166,98.59163071929147,15.667786765451572,0.2774522775508984,-0.4987280188948774,0.2827268908232205,1
167,99.17848840419023,14.568080473955796,0.2850561956593904,-0.5339117981755221,0.299081577968026,1
168,99.51740071708208,14.542698066859185,0.2894474842792773,-0.5347238777424073,0.3007237963807461,1
169,99.87903839042556,14.60298733136477,0.2941332255140089,-0.5327949952837358,0.3013579657676969,1
170,100.64474262058408,14.585915689823464,0.3040544592496729,-0.5333411819088306,0.3045528105384341,1
171,101.062217665588,14.08742428551082,0.3094636856025604,-0.5492898144466868,0.3125550314594428,1
172,101.48877152329506,13.276594028590315,0.3149905461793718,-0.5752313526684576,0.3245897049211946,1
173,101.54554431577613,13.230090929392738,0.3157261515500176,-0.5767191633599905,0.3254055108090015,1
174,101.69407846601794,12.995079491869223,0.3176507093155825,-0.5842380714631785,0.3289904413799461,1
175,101.72308544580304,12.755738943706872,0.3180265529051549,-0.5918954842510956,0.3321661595719847,1
176,101.67630980280656,13.13659088196021,0.3174204806529384,-0.5797105848486512,0.327110378135342,1
177,101.4868689546756,12.803964971835876,0.3149658945877669,-0.5903525505219767,0.3306307885851208,1
178,101.25056347499562,11.102445676516506,0.3119040832452361,-0.6447906125674778,0.3514874700005619,1
179,101.0392234019098,11.322317430632298,0.3091657488071951,-0.637756080414046,0.3478521568077769,1
180,100.74321962450976,10.821325473341972,0.3053304263072564,-0.653784715134964,0.3531130139461624,1
181,100.62350466805694,11.046793969292622,0.3037792789871256,-0.6465711219623026,0.3497622324810587,1
182,100.6909674070166,10.990860475868114,0.3046533940504944,-0.6483606467674817,0.350740276922141,1
183,100.77914586243332,11.212920493787506,0.3057959227609052,-0.6412561037472677,0.3482412183271787,1
184,100.89274833870948,11.376621422900554,0.3072678706432524,-0.6360186895372281,0.346587837007867,1
185,100.8880583291909,12.341928660619848,0.3072071021652636,-0.6051348462305491,0.3342160691417987,1
186,100.79717414783,12.212690244168147,0.3060295153495693,-0.6092696738242258,0.3355167241345611,1
187,100.5294797538125,12.16211988100758,0.3025609976789477,-0.6108876117312313,0.3351233439961768,1
188,100.1375630626464,12.2395042452794,0.2974829310511037,-0.6084117921297909,0.3326095961672475,1
189,99.92489973836494,12.313207908583356,0.2947274512403643,-0.6060537321260291,0.3308397282225209,1
190,99.60153701390374,12.032039992577252,0.2905376387195212,-0.6150493612081381,0.3331810360991116,1
191,99.40509246232445,11.767567257038982,0.2879923056319496,-0.6235108480841206,0.3358020309232331,1
192,99.2858102997195,11.82093518279093,0.2864467660239811,-0.6218034055289193,0.3346553920187621,1
193,99.2637622880772,11.874063249054762,0.2861610898212198,-0.6201036369893653,0.333889781742112,1
194,99.2627715411005,11.9269546611598,0.2861482527074343,-0.6184114399148044,0.3332090517781521,1
195,99.25336117995133,11.76756725703898,0.2860263226085517,-0.6235108480841206,0.3352122360162137,1
196,99.25648949063212,11.979612553675096,0.2860668561464891,-0.6167267140184727,0.3325107424513358,1
197,99.13334182441037,11.979612553675093,0.2844712311878353,-0.6167267140184727,0.3320320549637396,1
198,98.92857654834876,12.109125642509726,0.2818180864294026,-0.612583098612477,0.3295786653738116,1
199,98.7605161632882,12.032039992577252,0.2796405271366372,-0.6150493612081381,0.3299119026242464,1
200,98.62662641570694,12.792694324695876,0.2779057169733346,-0.5907131413128001,0.3196569716171204,1
201,98.60902031003673,12.930997742196668,0.277677594569606,-0.5862882899204449,0.3178185943390598,1
202,98.86397798973164,14.10323979076242,0.2809810825657899,-0.5487838163903991,0.3038078513258966,1
203,98.97389781099648,13.968706606386965,0.2824053142677946,-0.5530880437114506,0.3059568117649186,1
204,99.11011735043006,13.417090999677114,0.2841703115563758,-0.5707363211690982,0.313545621934552,1
205,99.30458429642864,13.370095790487373,0.2866900207980412,-0.5722398763275676,0.3149029567704394,1
206,99.72566859444431,14.103239790762412,0.2921460122611766,-0.5487838163903993,0.3071573302345127,1
207,100.30800495675668,13.96870660638696,0.2996913475691468,-0.5530880437114506,0.3111426217553243,1
208,100.734094162494,13.999651317086425,0.3052121876479435,-0.5520980049351222,0.3124028582684319,1
209,101.13187479950724,13.999651317086425,0.3103662334529571,-0.5520980049351221,0.3139490720099359,1
210,101.19127382840584,13.866950205434492,0.311135866982672,-0.556343617294316,0.315878207012528,1
211,101.31549522756772,14.131106326116146,0.3127454043046755,-0.5478922601296194,0.3129805253432504,1
212,101.2915046071447,13.911324559509051,0.3124345577097297,-0.554923913241012,0.3156999326093237,1
213,101.19539511935598,13.552262062106076,0.3111892665711794,-0.5664116857074222,0.3199214542543227,1
214,101.28356636291846,13.9555578175865,0.312331701837557,-0.553508723384324,0.3151029999049967,1
215,101.5446889819959,13.777772751791188,0.3157150689857308,-0.5591967425970078,0.3183932177345224,1
216,101.84417057264564,13.642913655081154,0.3195954535302297,-0.5635113970909628,0.321283194895454,1
217,102.0112203973848,13.5476207173821,0.3217599189875977,-0.5665601799459263,0.3231520476746499,1
218,102.24546482913652,13.506708111157204,0.3247950253212869,-0.5678691295430544,0.3245861594136078,1
219,102.36729798506929,13.186285714285708,0.3263736181632151,-0.5781206584969972,0.3291603488477634,1
220,102.33575581077284,13.5476207173821,0.3259649260450313,-0.5665601799459263,0.3244135497918799,1
221,102.18720601533025,14.687155102333456,0.3240401655645176,-0.5301021487489775,0.3092529091689463,1
222,101.88559038831556,14.494921233005032,0.3201321302996192,-0.5362524400413153,0.3105406151064119,1
223,101.61915088866482,14.60298733136476,0.3166798723019049,-0.532794995283736,0.3081219598040658,1
224,101.3599911010856,14.433179379471444,0.3133219375717728,-0.5382277963377216,0.3092876998066205,1
225,101.1302144268962,14.304500620434103,0.3103447199963066,-0.5423447183659834,0.3100413033452853,1
226,101.1184422590673,14.131106326116145,0.3101921879558584,-0.5478922601296196,0.3122145604386053,1
227,101.0692692087796,14.087424285510806,0.3095550524847655,-0.5492898144466871,0.3125824415241045,1
228,101.02230718371057,14.087424285510808,0.3089465652790549,-0.549289814446687,0.3123998953623913,1
229,100.88645569444505,13.510591022869198,0.3071863368184359,-0.5677449004559815,0.3192538612279234,1
230,100.66564882775992,12.212690244168138,0.3043253410859596,-0.6092696738242261,0.3350054718554783,1
231,100.19363976217475,12.4624643630383,0.2982095171417022,-0.6012784514984976,0.3299742357419097,1
232,99.80695405732114,12.792694324695876,0.2931992284310096,-0.5907131413128001,0.3242450250544229,1
233,99.2237210097782,13.275606297009237,0.2856422747677926,-0.575262953951642,0.3157978640109946,1
234,98.58540324795266,15.424860629736934,0.2773715881720218,-0.5065001482412127,0.2858115357480916,1
235,97.7183313908972,15.045848816490736,0.266136933561739,-0.5186261750586763,0.2872915500919922,1
236,96.84972009489384,15.508905974366446,0.2548823324329154,-0.5038112185898341,0.2779891871658083,1
237,96.0126701125861,15.63829821943552,0.2440366714115711,-0.49967146943468,0.2730795891973433,1
238,95.23042069161792,15.255261335027996,0.2339010615516041,-0.5119262735597067,0.2749408278893639,1
239,94.72517969472264,15.03824798305973,0.2273546512986529,-0.5188693545765652,0.2757541372202219,1
240,93.7925382194565,15.857464236125526,0.2152704108004983,-0.4926595165008189,0.2616449298404771,1
241,92.8851115616071,16.39939910207356,0.2035128788241732,-0.4753209626929046,0.2511822487244138,1
242,92.08496554972152,16.71294818466377,0.1931453827416026,-0.4652893371572377,0.2440593496853759,1
243,91.46983595262236,16.754062510467463,0.1851751453180975,-0.4639739337849589,0.2411421171094128,1
244,90.59121814638212,16.630414602783222,0.1737908897835277,-0.4679298997788959,0.2393092268466167,1
245,89.65784898264279,16.910741438505887,0.1616972206220002,-0.4589611800482007,0.2320936382058803,1
246,89.08642862019086,16.910741438505887,0.1542933239816097,-0.4589611800482007,0.2298724692137632,1
247,88.13094938187297,17.07653698583444,0.1419131744675298,-0.4536567510492657,0.2240366527599652,1
248,87.26323950045024,17.073518596595513,0.130670252972166,-0.4537533207802809,0.2207024042037622,1
249,86.47219434226565,16.54227148852298,0.1204206766988447,-0.4707499326378722,0.2244261760648023,1
250,86.20163654405846,17.115727606859004,0.1169150578850836,-0.4524028942961829,0.2160356750839982,1
251,85.79918880864878,17.455925916433088,0.1117005404616112,-0.4415186588159778,0.2101176256648745,1
252,85.55148769605738,17.49824337469337,0.1084910758435373,-0.4401647626687415,0.2086132278205578,1
253,85.12309590355326,17.957154808042404,0.1029404011358979,-0.4254824436666785,0.2010750978074408,1
254,84.85195270533522,18.283675276048864,0.0994271972911187,-0.4150358142659079,0.1958424848936988,1
255,84.20283056132139,18.88169174298012,0.0910165182585328,-0.3959029971297234,0.1856661543294492,1
256,83.64460408088043,19.036728763104243,0.083783574816722,-0.3909427742606184,0.181512182149264,1
257,83.03409592957313,19.35777549203421,0.0758732174906382,-0.3806712705538594,0.1750304734687352,1
258,82.63148897967866,19.35777549203421,0.0706566371242495,-0.3806712705538595,0.1734654993588186,1
259,81.95149895799834,19.31854996947435,0.0618460028384587,-0.3819262439395595,0.1713242984273614,1
260,81.31495213146002,19.00603259355747,0.0535982622605146,-0.3919248612618903,0.1728494231829105,1
261,80.90321855927047,19.290630733733504,0.0482634282010676,-0.3828194862857992,0.1676068229746399,1
262,80.37246436364298,17.567787437792493,0.0413864432980136,-0.4379397840673818,0.1875918466163568,1
263,80.33859860924358,17.245038206302773,0.0409476445402198,-0.4482657572945484,0.1915905962798853,1
264,80.22835775637633,16.506937297614257,0.0395192532300549,-0.4718804075506798,0.2006079389892884,1
265,79.83775194471075,16.776244517415343,0.0344581716747908,-0.463264247169095,0.1956431503700753,1
266,79.65791037254432,16.600994681676543,0.032127963478758,-0.4688711547473144,0.1971868509425531,1
267,79.30487274593092,17.05980676041505,0.0275536530947204,-0.4541920144764401,0.1899429017189922,1
268,79.17149832862663,16.728516840284318,0.0258255200685258,-0.4647912367578076,0.1936641507236808,1
269,79.24266070647504,16.292677366957957,0.0267475713724262,-0.4787353961664529,0.199518429878309,1
270,79.27005140730652,15.53913669729749,0.0271024728270996,-0.5028440229928594,0.2092683510452736,1
271,79.24513455566432,16.29267736695795,0.0267796250493774,-0.4787353961664531,0.1995280459813944,1
272,79.04372768831392,16.58450971172734,0.0241699952102716,-0.4693985715208894,0.1950104271714372,1
273,78.79490067381141,18.061486766493417,0.0209459422752163,-0.4221444682213758,0.1751415699711152,1
274,78.5401179883125,18.017164032771205,0.0176447216797502,-0.4235625207436324,0.174718424801378,1
275,78.34505186658494,18.22064345735355,0.0151172489150144,-0.4170524414451679,0.1713561512525715,1
276,78.21923621256306,21.12226637102773,0.0134870548244083,-0.3242185084761066,0.1337335198377651,1
277,78.19079799790751,20.81723567597748,0.0131185807276095,-0.333977598454461,0.1375266136000673,1
278,78.28977290132192,20.81723567597748,0.0144009990714861,-0.3339775984544612,0.1379113391032303,1
279,77.91309678680213,25.70402007468871,0.0095204046753718,-0.1776308129482198,0.0739084465818995,1
280,77.49250368087041,26.460181858785475,0.0040707775906507,-0.153438326719981,0.0625965639651876,1
281,77.24849011608516,28.23312132938899,0.0009090925488875,-0.0967152621216943,0.0389588326133439,1
282,77.17832787327997,28.23312132938899,0.0,-0.0967152621216943,0.0386861048486777,1
283,77.32352033694927,28.55771805555444,0.0018812595150765,-0.0863301805258699,0.0350964500648709,1
284,77.65657530199393,28.695043544138414,0.0061966544481139,-0.0819366167922537,0.0346336430513356,1
285,77.99532176989406,28.60900124086823,0.0105857942135715,-0.0846894367319659,0.0370515129568578,1
286,78.5862176047738,29.221939821286995,0.0182420346525964,-0.0650792045337733,0.0315042922092882,1
287,79.12839734409386,29.05006580661085,0.0252670603853419,-0.0705781067799527,0.0358113608275837,1
288,79.83753561380804,29.331181098766688,0.0344553686741472,-0.0615841613345993,0.0349702751360838,1
289,80.5539676788663,28.645261079553613,0.0437381827075709,-0.0835293468325774,0.0465331935453022,1
290,81.22449594222124,28.78082861906515,0.0524262209409968,-0.0791920265638115,0.0474046769078236,1
291,81.75058511641004,29.263672108318147,0.0592427611367444,-0.0637440302357492,0.043270440435323,1
292,81.99287872184826,29.369892682993,0.0623821606562059,-0.0603456307873473,0.0428529005118007,1
293,82.23830337879741,29.173491086152957,0.0655621292265553,-0.0666292635054865,0.0463203441701612,1
294,82.48808058914034,29.251391067513616,0.0687984938541104,-0.0641369473558426,0.0462943270985702,1
295,82.82791628419912,29.1214419972638,0.0732017467415888,-0.0682945114625058,0.049278328607479,1
296,83.03735124168537,29.1214419972638,0.0759153965867905,-0.0682945114625058,0.0500924235610395,1
297,83.18135414797122,29.04319346713152,0.0777812430005958,-0.0707979790106132,0.051653564504424,1
298,83.10263036784586,29.432355884690523,0.0767612185676408,-0.0583471958245912,0.0463672439001287,1
299,83.05262719081334,29.25139106751362,0.0761133271399511,-0.0641369473558425,0.0484887770843223,1
300,83.17424088173861,29.214414476419,0.0776890763726237,-0.0653199688859405,0.0494347104661633,1
301,83.56940080018812,28.542638355759827,0.0828091655134292,-0.086812637372116,0.0595678046028751,1
302,83.85459908674217,28.780828619065154,0.0865044812116693,-0.0791920265638114,0.0576281549890253,1
303,84.114621240821,28.34061006400532,0.0898735896290706,-0.0932762894222175,0.0642725926576082,1
304,84.40361555525655,28.701651498985743,0.093618090480528,-0.0817252032297028,0.0607755084360395,1
305,84.94038600155827,27.1511904591926,0.1005730279751968,-0.1313303381908958,0.0827040436689173,1
306,85.14048624910293,27.255693863851643,0.1031657279346104,-0.1279868775305055,0.0821444693925853,1
307,85.21402153823313,22.818159505095934,0.1041185250624639,-0.2699604486886532,0.1392197369942004,1
308,86.22582289584788,21.044120612742105,0.1172284405723729,-0.3267186879626681,0.1658560073567791,1
309,86.75924884145694,19.75174699868345,0.124140043353984,-0.3680666263502182,0.1844686635462825,1
310,87.1047188704323,19.635145027680988,0.1286163003356406,-0.3717971660799299,0.1873037565326641,1
311,87.37837972690531,19.51000149666834,0.1321621254916656,-0.3758009827422505,0.1899690307443998,1
312,87.61671148977332,18.78531558729548,0.1352501913961165,-0.398986436240464,0.2001696319150205,1
313,87.68838672783274,19.07266749391217,0.1361788878324671,-0.3897929578213101,0.1967708494782642,1
314,87.75760426004395,17.19983488292841,0.1370757397612218,-0.4497119832229205,0.2210075152175347,1
315,87.36660481954516,17.902155736111812,0.1320095579550965,-0.4272420727807524,0.2104996964988299,1
316,86.80776123308546,18.03933901228094,0.1247686186673566,-0.4228530589621943,0.2065718091850847,1
317,86.44733255063697,18.1560997070249,0.1200985423340072,-0.4191174410574003,0.2036765391231622,1
318,85.31466158895299,18.253845230093624,0.1054225187287312,-0.4159901906852636,0.1980228318927248,1
319,84.7966046785303,18.40016152103022,0.0987100526168288,-0.4113089770509633,0.194136606605434,1
320,83.99264518185632,17.51936377269453,0.0882931451918064,-0.439489040953463,0.2022835599389271,1
321,83.75178519768717,17.65253948869684,0.0851723211106651,-0.4352282441992734,0.1996429940129089,1
322,83.346277341557,17.97615374279538,0.0799181536869295,-0.4248745956148074,0.1939252843520018,1
323,83.19446831442922,18.17548689856755,0.0779511633243366,-0.4184971711968174,0.1907842174760279,1
324,82.46038579807022,18.364398296704437,0.0684396523006164,-0.4124531783716007,0.1855131670388252,1
325,82.34440240542183,19.18721907937679,0.0669368548723173,-0.386128017709207,0.174532263545378,1
326,81.96251023726741,17.44381635832187,0.0619886760418371,-0.4419060895536811,0.1953590386340236,1
327,82.50854584314744,16.317196082660786,0.0690636622578714,-0.4779509493662441,0.2118994784238591,1
328,82.54132598174482,17.540458739725153,0.0694883946860111,-0.4388141328714801,0.1963721715543953,1
329,82.19550956337856,14.043606374432471,0.0650076495351955,-0.5506917157760157,0.2397789811709649,1
330,81.57732274952124,5.439065360886929,0.0569977997380824,-0.825983649788748,0.3474927998369239,1
0,80.5006536437616,26.38160653501642,0.1010038636285802,-0.510158176772145,0.234364429797432,2
1,81.27978148518288,25.905150058993048,0.1116599605027937,-0.5190048066615808,0.2410999108154704,2
2,82.23920360152597,24.541563388229,0.1247819341655046,-0.544323271632609,0.255163888902695,2
3,83.12078064052555,24.66488860396808,0.136839224163671,-0.5420334244071409,0.2578651370119577,2
4,83.9595589413475,24.35462608212248,0.148311157721124,-0.5477942395863983,0.2636110431508965,2
5,85.16977748143486,23.947096923780208,0.1648632629297056,-0.5553610579936067,0.2716034020763543,2
6,85.56206242508665,23.457447329153283,0.1702285266766965,-0.5644526517847762,0.2768496187169194,2
7,86.08844891378509,23.33099116625782,0.1774278912978031,-0.5668006330310621,0.2799486206017658,2
8,86.55312909636679,22.95058602790767,0.1837833015114659,-0.573863824815359,0.2846805203795834,2
9,87.78653283731163,34.81665068437872,0.2006525096821681,-0.353540064844546,0.2016117788424688,2
10,87.7390976671137,53.85708004391944,0.2000037409666876,-5.92278465657149e-06,0.0600034914038689,2
11,88.54862804292513,53.857399029696055,0.2110756519531167,0.0,0.063322695585935,2
12,88.9371727489414,52.76040255451325,0.2163897606361274,-0.0203685379343688,0.0730643433645857,2
13,89.03609700224246,52.92036371757098,0.2177427432537967,-0.0173984508908128,0.0722822033324641,2
14,89.30450799333313,53.39737213437704,0.2214137884547336,-0.0085415728127785,0.0698407656615315,2
15,89.47848118954057,53.46328670352075,0.2237932121304698,-0.0073177006924897,0.0700650439161368,2
16,89.55953096571675,53.25207289325528,0.2249017263185793,-0.0112394238739046,0.0719662874451356,2
17,89.62868146305877,53.1461512112724,0.2258474945987018,-0.0132061300998119,0.0730367004195353,2
18,89.74816432473592,53.1461512112724,0.227481656389811,-0.013206130099812,0.0735269489568681,2
19,89.77855921232202,53.1461512112724,0.2278973659170273,-0.013206130099812,0.073651661815033,2
20,89.77475544733215,53.07984282461391,0.2278453419922439,-0.0144373144468676,0.0741285283764202,2
21,89.82495295037485,52.47211770428267,0.228531891011325,-0.0257212815763636,0.078848079933943,2
22,90.05846484016746,52.773751170173895,0.2317256227542075,-0.0201206868331063,0.0775659615595048,2
23,90.29827752250428,51.8522167129479,0.2350055301568033,-0.037231324810961,0.0853941889714254,2
24,90.59699665842864,51.74596205884427,0.2390910985081852,-0.0392042135136821,0.0874090149579284,2
25,91.2384925872694,50.22110686452138,0.2478648098283594,-0.0675170400109682,0.1013662589528951,2
26,91.23881495520556,50.17999256629568,0.2478692188403009,-0.0682804318376517,0.1016729383871509,2
27,91.27650633365307,50.248497707498345,0.248384722148881,-0.0670084591386937,0.1013188003001417,2
28,91.24826976813372,50.31690958085009,0.2479985318966873,-0.0657382181953087,0.1006948468471297,2
29,91.33084807547584,50.439817128931,0.2491279517376482,-0.0634561260353598,0.1001208359354383,2
30,91.37980849924396,50.42617552837619,0.2497975812784486,-0.0637094171485694,0.1004230412429623,2
31,91.42101698051268,50.48071981206476,0.2503611878460661,-0.0626966633826755,0.10018702170689,2
32,91.4175477752357,50.52158938006973,0.250313739679613,-0.0619378155968322,0.0998692481426168,2
33,91.247792566822,50.4670892677871,0.2479920052355468,-0.062949749207896,0.0995775012538225,2
34,91.31300538848268,49.79587816458125,0.2488839181003075,-0.0754124955584163,0.1048301736534587,2
35,91.50457402456058,50.35791209444281,0.2515039938254714,-0.0649769019354924,0.1014419589218383,2
36,91.70314017387231,49.80937847068928,0.2542197742282682,-0.0751618279370446,0.1063306634432983,2
37,92.08113817849592,43.32237256918482,0.2593896361448708,-0.1956096404637438,0.1560607470289588,2
38,92.07745388341093,14.556783007755635,0.2593392462046687,-0.7297161899755079,0.3696882498516038,2
39,92.18885655788436,14.79120682844574,0.2608628956343563,-0.725363513743207,0.3684042741875897,2
40,92.47687398401725,14.94056362573196,0.2648020971763458,-0.7225903238013037,0.3684767586734252,2
41,92.75291252225672,14.20229622919539,0.2685774640007817,-0.7362981412941147,0.3750924957178804,2
42,92.99078451839348,14.343616090283994,0.2718308287244344,-0.7336741775744653,0.3750189196471164,2
43,93.2489958865766,12.162119881007566,0.2753623741359851,-0.774179219566441,0.3922804000673719,2
44,93.51623806714296,12.080766995518104,0.2790174335673055,-0.7756897434119131,0.3939811274349569,2
45,93.76164096999656,12.381274805858297,0.2823737981675624,-0.7701100493354409,0.3927561591844451,2
46,93.91321583510395,12.080766995518108,0.2844468808638938,-0.7756897434119131,0.3956099616239334,2
47,94.14531984474245,12.162119881007577,0.2876213570924534,-0.7741792195664408,0.3959580949543124,2
48,94.33730955619409,12.21727717024318,0.2902471918467976,-0.7731550837888258,0.3963361910695696,2
49,94.46837227339122,12.24293219780293,0.2920397308074162,-0.7726787327577334,0.3966834123453182,2
50,94.64839042327038,12.162119881007577,0.2945018310459723,-0.7741792195664408,0.398022237140368,2
51,94.59368864883284,12.508536477142307,0.2937536773071268,-0.7677471117711178,0.3952249479005851,2
52,94.60497808103295,12.755738943706856,0.2939080823697929,-0.763157167380594,0.3934352916631755,2
53,94.76857549843989,13.1240738797067,0.2961455969798201,-0.7563180896932972,0.3913709149712649,2
54,94.98948169463496,13.322934811819788,0.2991669212113795,-0.7526257292062368,0.3908003680459086,2
55,95.14889796855516,13.712007351223216,0.3013472505076874,-0.7454016050113625,0.3885648171568512,2
56,95.34615888343852,13.470154030299716,0.3040451792771929,-0.7498922288677086,0.3911704453302413,2
57,95.6351920581436,13.023504781739817,0.3079982731672793,-0.7581854115428248,0.3956736465673137,2
58,95.82119982175234,13.17407053267895,0.3105422930867251,-0.7553897742923865,0.3953185976429721,2
59,96.01423700897332,13.41913053620934,0.313182454120632,-0.7508396101933876,0.3942905803135447,2
60,96.2144552228678,13.124073879706703,0.3159208297373339,-0.7563180896932971,0.397303484798519,2
61,96.32951795540356,12.980637071523438,0.3174945376185411,-0.7589813599359647,0.3988409052599482,2
62,96.6132727858107,13.079350562257847,0.3213754398281561,-0.7571484921682512,0.3992720288157473,2
63,96.80028800231308,13.372187973551672,0.323933238636072,-0.7517112186168055,0.3978644590375438,2
64,96.92805617824048,13.656655711314952,0.3256807183021051,-0.7464293494049925,0.3962759552526285,2
65,97.0122044763328,13.843741904306198,0.3268316108368094,-0.7429556169863867,0.3952317300455975,2
66,97.07939690187251,13.797208186409682,0.3277505986558794,-0.7438196341638753,0.3958530332623139,2
67,97.21206148559584,13.128428973199638,0.3295650462738135,-0.7562372262730169,0.4013644043913508,2
68,97.23094579435184,13.371119181800482,0.3298233261257302,-0.7517310634620905,0.3996394232225553,2
69,97.30965697070502,13.514641567413168,0.3308998553879534,-0.7490662042561428,0.3988964383188431,2
70,97.34235384746036,13.371119181800482,0.3313470491187713,-0.7517310634620905,0.4000965401204676,2
71,97.44015854386204,13.371119181800482,0.3326847196064644,-0.7517310634620905,0.4004978412667755,2
72,97.37912368557302,13.466970725509832,0.3318499485611307,-0.7499513350415534,0.3995355185849606,2
73,97.24284150308564,13.41913053620933,0.3299860232056132,-0.7508396101933877,0.3993316510390391,2
74,97.19533285630511,13.60948232092161,0.3293362495541768,-0.7473052437341512,0.3977229723599135,2
75,97.00218987345062,13.609482320921614,0.3266946415580903,-0.7473052437341511,0.3969304899610875,2
76,96.92162651063086,13.609482320921616,0.3255927800238475,-0.7473052437341511,0.3965999315008147,2
77,96.68657226986532,14.210527059343988,0.3223779536152275,-0.7361453149360491,0.3911715120589878,2
78,96.45526373535596,14.13692040014373,0.3192143570646696,-0.7375120103303007,0.3907691112515211,2
79,96.29613542808616,13.797208186409682,0.3170379662754463,-0.7438196341638753,0.392639243548184,2
80,96.27618071672852,13.759867906342702,0.3167650465746999,-0.7445129517161467,0.3928346946588687,2
81,96.35529537850908,13.419130536209336,0.3178470942891881,-0.7508396101933876,0.3956899723641115,2
82,96.319242776211,13.562144847684127,0.3173540044492013,-0.7481841846798767,0.3944798752067111,2
83,96.301550386551,13.12407387970671,0.3171120264218091,-0.7563180896932968,0.3976608438038615,2
84,96.24937231808396,12.88116712238385,0.3163983892974064,-0.7608282732836505,0.3992508261026821,2
85,96.08867305744096,13.023504781739822,0.3142005126486879,-0.7581854115428247,0.3975343184117363,2
86,95.69378745835144,13.514641567413184,0.3087996798528098,-0.7490662042561423,0.3922663856582998,2
87,95.27825817523276,13.322934811819808,0.3031165043075647,-0.7526257292062365,0.391985242974764,2
88,94.73463930835293,13.372187973551677,0.2956814532156225,-0.7517112186168055,0.3893889234114089,2
89,94.34898552371578,13.807562565492873,0.2904068835358847,-0.7436273787027922,0.3845730165418823,2
90,94.07079482200082,14.367554224710627,0.286602081667205,-0.7332297050440812,0.379272506517794,2
91,93.70840057361283,14.39041430953259,0.2816456316314375,-0.7328052492546482,0.3776157891912905,2
92,93.52352023099404,14.183347193099388,0.2791170313987853,-0.7366499784870983,0.3783951008144749,2
93,93.16951027895094,13.915351574952954,0.2742752530116524,-0.7416260007788297,0.3789329762150276,2
94,92.83427554980273,14.07622803598075,0.2696902625139599,-0.7386389188935887,0.3763626463116234,2
95,92.61606625664976,14.34361609028402,0.2667058237054969,-0.733674177574465,0.3734814181414351,2
96,92.085382600857,14.270392077532833,0.2594476869209437,-0.7350337681612812,0.3718478133407956,2
97,91.7425459856664,14.01165273490735,0.2547587257655653,-0.7398379240857591,0.3723627873639732,2
98,91.09236631515324,15.606002816447814,0.2458662472963144,-0.7102347477299651,0.3578537732808804,2
99,90.33284850882308,15.79069566910483,0.2354783560008629,-0.7068054537799326,0.353365688312232,2
100,89.92029276233595,16.380318933772113,0.2298358493840273,-0.6958575937775925,0.3472937923262452,2
101,89.38280280164237,16.785320116952544,0.222484623069717,-0.6883377136779775,0.3420804723921061,2
102,88.77074536749507,16.688834263458045,0.2141135407336545,-0.6901292196777622,0.3402857500912012,2
103,88.28414924403178,16.658954554747517,0.2074583871701743,-0.6906840126913286,0.3385111212275837,2
104,87.87419975752613,17.157832781447013,0.2018515262553219,-0.6814210658040416,0.3331238841982132,2
105,87.51985020559772,16.658954554747517,0.1970051031756446,-0.6906840126913286,0.3353751360292248,2
106,87.23353914527694,16.732013725701794,0.1930892395230616,-0.6893274828129735,0.3336577649821078,2
107,87.09715909014086,16.732013725701794,0.1912239755676759,-0.6893274828129735,0.3330981857954921,2
108,86.69085983444207,16.90362861319081,0.1856670386974067,-0.6861410146473944,0.3301565174681797,2
109,86.48006114595086,16.7750820433456,0.182783954399685,-0.6885278096312059,0.3302463101723878,2
110,86.07174775259213,17.285620127724666,0.1771994702581194,-0.6790483677424959,0.3247791881744342,2
111,85.55487986155619,17.413505620638254,0.1701302910743771,-0.6766738473382878,0.3217086262576283,2
112,85.2994878794606,17.75002959997532,0.1666373062810941,-0.670425421209289,0.3181613603680438,2
113,84.90793168216011,17.41350562063825,0.1612820095655753,-0.676673847338288,0.3190541418049878,2
114,84.69005834031914,17.199834882928375,0.1583021655482818,-0.6806411896451837,0.319747125522558,2
115,84.51409343008498,17.24388062696222,0.1558955012882845,-0.6798233680491284,0.3186979976061367,2
116,84.25243176024382,17.49824337469335,0.1523167662542373,-0.6751004747732969,0.31573521978559,2
117,84.08856523110077,17.505827987800554,0.1500755710149502,-0.6749596470830658,0.3150065301377114,2
118,83.87240562551219,16.843322931791544,0.1471191656922475,-0.6872607434587692,0.3190400470911819,2
119,83.52714717374819,17.375347947816522,0.1423970811856449,-0.6773823418721715,0.3136720611045621,2
120,83.39498361970304,17.418949893280445,0.140589486128361,-0.6765727605286708,0.3128059500499766,2
121,83.25406100679947,17.891559608674946,0.1386620938121933,-0.667797555563167,0.3087176503689248,2
122,83.44485550892551,17.93390655456005,0.1412715817416884,-0.667011276488276,0.3091859851178169,2
123,83.6099678255762,17.592277046826755,0.1435298155613732,-0.6733544997758494,0.3124007445787517,2
124,83.92096895675884,17.19983488292837,0.1477833642162725,-0.6806411896451837,0.3165914851229552,2
125,84.31586601252617,17.328353493624245,0.1531843537046241,-0.6782549137943017,0.3172572716291079,2
126,84.73285384243569,15.857464236125503,0.1588874777295313,-0.7055657250105605,0.3298925333230836,2
127,85.17023345447056,15.857464236125509,0.1648694992526582,-0.7055657250105604,0.3316871397800216,2
128,85.54474176152266,15.84608464066199,0.1699916327306056,-0.70577701622901,0.3333082963107857,2
129,85.86493120614458,15.622525852114933,0.1743708495402214,-0.7099279554235262,0.3362824370314769,2
130,86.05387886071762,16.90362861319079,0.1769550782177807,-0.6861410146473947,0.3275429293242921,2
131,86.54743550899467,16.939872797633388,0.1837054305699161,-0.6854680489064645,0.3292988487335606,2
132,86.77651232223347,16.903628613190794,0.1868385039678014,-0.6861410146473947,0.3305079570492983,2
133,86.95631756942167,17.03120497863818,0.1892976923457114,-0.6837722339831624,0.3302982012969784,2
134,87.207100576507,17.031204978638176,0.1927276403925338,-0.6837722339831626,0.3313271857110251,2
135,87.32286404330675,17.031204978638176,0.1943109321851395,-0.6837722339831626,0.3318021732488069,2
136,87.43449792301686,16.48896077466894,0.1958377437985779,-0.6938403808624846,0.3362874754845672,2
137,87.75507916565778,16.688834263458013,0.2002223192122938,-0.6901292196777629,0.3361183836347933,2
138,87.90134680640344,16.95234234131503,0.202222815236804,-0.6852365200189523,0.3347614525786221,2
139,88.11611216266306,17.491025690545328,0.2051601514733741,-0.6752344894913868,0.331641841238567,2
140,88.2822595479041,16.952342341315035,0.2074325418801862,-0.6852365200189523,0.3363243705716368,2
141,88.45529676666557,17.28154477222119,0.2097991642339747,-0.6791240371134069,0.3345893641155552,2
142,88.893070631644,17.604592258028255,0.2157865779370958,-0.673125836464524,0.3339863079669383,2
143,89.30960474331735,17.56453625104533,0.2214834964778436,-0.6738695784146476,0.3359928803092121,2
144,89.85226677649266,16.82723109384649,0.2289054609977162,-0.6875595294795384,0.3436954500911302,2
145,90.41597511996773,16.795076188753846,0.2366152749685723,-0.6881565673178289,0.3462472094177033,2
146,90.96575043479656,16.795076188753846,0.2441345275256111,-0.6881565673178289,0.3485029851848149,2
147,91.8202705711566,16.08362624852758,0.2558217614683848,-0.7013664503245071,0.3572931085703182,2
148,92.20645839085392,16.06806395533473,0.2611036351219162,-0.7016554039961144,0.3589932521350206,2
149,92.60367261013609,16.275938883685154,0.2665363163527196,-0.697795675674741,0.3590791651757122,2
150,92.92033374178172,15.557836026201766,0.2708672765825051,-0.7111290870614928,0.3657118177993487,2
151,93.13010316986004,15.686948912450056,0.2737362837312848,-0.7087317769690189,0.365613595906993,2
152,93.3242024574004,15.557836026201768,0.2763909710640757,-0.7111290870614928,0.3673689261438198,2
153,93.37029736672324,16.216159841343437,0.2770214090911088,-0.6989056260885876,0.3626686731627677,2
154,93.3733121811131,16.27593888368515,0.2770626425735853,-0.6977956756747411,0.362237063041972,2
155,93.48715122338356,16.44034647942786,0.2786196140973968,-0.6947430292658038,0.3614830959355405,2
156,93.5975310590964,16.61661915071775,0.2801292742067958,-0.6914700774622325,0.3606268132469318,2
157,93.94740203280786,16.317196082660768,0.2849144439711614,-0.697029630531104,0.36428618540379,2
158,94.33004787811744,15.9298495159245,0.2901478741983446,-0.7042217076405592,0.368733045315727,2
159,94.89421618115968,14.77362471433466,0.2978639790157674,-0.725689970542604,0.3796351819217718,2
160,95.2099604505431,14.994468420054108,0.3021823993611238,-0.7215894437867969,0.3792904973230558,2
161,95.73265888978072,14.50417429569846,0.3093313226935973,-0.730693004916537,0.385076598774694,2
162,96.15581972623856,14.345653969968982,0.3151188746548288,-0.733636339139604,0.3879901980522902,2
163,96.764371592009,14.4587777076764,0.3234420114879368,-0.7315359083771559,0.3896469667972434,2
164,97.15393846592748,14.300753534418174,0.3287701003159355,-0.7344700302639385,0.392419042200356,2
165,97.71616617613076,14.300753534418174,0.3364596637313111,-0.7344700302639385,0.3947259112249687,2
166,97.94143556595502,14.412267646814096,0.339540663168301,-0.7323994863014566,0.3948219934710729,2
167,98.46431162003316,13.274575542219305,0.3466920157310577,-0.7535236424079832,0.4054170616825106,2
168,98.80755695889566,14.236501709906484,0.3513865669819394,-0.7356630292885715,0.3996811818100104,2
169,99.4096316501154,14.058538442844482,0.3596211157864666,-0.7389673713152609,0.4034732832620444,2
170,99.69902692952732,13.8782933158837,0.3635791621665423,-0.7423140818918597,0.4059993814067065,2
171,99.97770961036284,13.923573349126674,0.3673906928117977,-0.7414733425680389,0.4068065448707548,2
172,100.29976477633916,13.911324559509062,0.3717954270094927,-0.7417007725932218,0.4082189371401365,2
173,100.82061127593002,13.866950205434504,0.3789190214456899,-0.7425246956729473,0.4106855847028859,2
174,101.27176507937176,14.518331619025652,0.3850894319727672,-0.73043013809448,0.4076988848296221,2
175,101.72926684699942,14.560720998631902,0.3913466633240062,-0.72964307112931,0.4092612274489259,2
176,102.16766199345147,14.560720998631902,0.3973425742662417,-0.72964307112931,0.4110600007315965,2
177,102.7287485862483,14.411376322551714,0.4050165306695431,-0.7324160360101027,0.414471373604904,2
178,103.2834957132624,14.11507557072746,0.4126037824809664,-0.7379176153132712,0.4189481808695984,2
179,103.9544532755764,14.029268845044308,0.4217804392533151,-0.7395108360634198,0.4223384662013625,2
180,104.3981462954793,14.43147120982474,0.4278488089753784,-0.7320429231670199,0.4211718119594214,2
181,104.92055157964492,13.93080449651062,0.4349937228389555,-0.74133907787063,0.4270337479999386,2
182,105.56802695007396,14.057642966016768,0.4438492147160949,-0.7389839981268752,0.4287483636655785,2
183,106.13365180348234,13.62429939914885,0.4515852407081673,-0.7470301268793793,0.4342876229642019,2
184,106.6644610870538,13.235570362607348,0.458845095698269,-0.7542478730673666,0.4393526779364274,2
185,107.16444621392736,12.83507349139117,0.4656833700665822,-0.761684119125134,0.4443786586700282,2
186,107.68937698921602,12.789799722481078,0.4728628249600538,-0.7625247421356349,0.4468687443422701,2
187,108.10299298227596,12.65300648764835,0.4785198325221639,-0.7650646574916903,0.4495818127533253,2
188,108.5582589456286,12.280777518976098,0.4847464848776593,-0.7719760378289957,0.4542143605948961,2
189,108.9735597223976,12.162119881007603,0.4904265351517116,-0.7741792195664403,0.4567996483720896,2
190,109.45314364169596,12.162119881007603,0.4969857831103465,-0.7741792195664403,0.4587674227596801,2
191,109.87662679120989,12.301651633950517,0.5027777433329272,-0.7715884566358729,0.4594687056542273,2
192,110.09268238152168,12.590573508900194,0.5057327260433104,-0.7662238850049561,0.4582093718149755,2
193,110.49507411433125,12.634828736771532,0.5112362198966158,-0.7654021738070771,0.4595317354918156,2
194,110.90998908991024,12.27632069519696,0.5169109935849318,-0.7720587901315471,0.4638968141280983,2
195,111.09908047631296,12.41197476572145,0.5194971880763403,-0.7695400262668143,0.4636651669296278,2
196,111.42207460821668,11.860052550076093,0.5239147644693106,-0.7797878701209343,0.4690895773891669,2
197,111.76459690870018,11.081477866156366,0.5285994267564037,-0.7942440952255005,0.4762774661171213,2
198,111.90664365364394,11.081477866156368,0.5305421937765453,-0.7942440952255004,0.4768602962231638,2
199,111.91157079838882,11.08147786615637,0.5306095821163317,-0.7942440952255004,0.4768805127250997,2
200,111.89982117222549,11.030992510811767,0.5304488830012751,-0.7951814846326042,0.4772072587534242,2
201,111.82691761466047,11.081477866156368,0.5294517842832132,-0.7942440952255004,0.4765331733751641,2
202,111.60039595267556,10.878130721773864,0.5263536575755142,-0.7980197536874024,0.4771139987476152,2
203,111.37010716280994,10.07910656417898,0.5232040080271464,-0.8128556754361359,0.4821034725825983,2
204,111.03645417416574,10.670909253755603,0.5186406509240583,-0.8018673488507708,0.4763391348175259,2
205,110.73535784184564,10.670909253755598,0.514522569763179,-0.8018673488507709,0.4751037104692621,2
206,110.44214463455388,11.08147786615636,0.5105123057531035,-0.7942440952255005,0.4708513298161313,2
207,110.23407027096646,11.136554652964334,0.5076664819260621,-0.7932214541808112,0.4695885262501431,2
208,110.14187884549712,10.982230038356713,0.5064055838955401,-0.7960868843238922,0.4703564288982189,2
209,110.1191971889358,10.505663132147047,0.5060953678863876,-0.8049355646314371,0.4738028362184912,2
210,110.17509721091444,10.286771146253054,0.5068599100036202,-0.8089998527299638,0.4756579140930715,2
211,110.47353938725732,10.459583194552891,0.5109416903911106,-0.8057911562200459,0.4755989696053515,2
212,110.55634165258004,11.03099251081174,0.5120741732954226,-0.7951814846326047,0.4716948458416687,2
213,110.76913090558462,11.081477866156346,0.5149844824555623,-0.7942440952255008,0.472192982826869,2
214,110.9727897031598,11.18176477785012,0.5177699147824166,-0.7923820128839738,0.4722837795883145,2
215,111.07452637362056,11.330530937284204,0.519161362704637,-0.7896197896404774,0.471596324667582,2
216,111.1267997751028,11.477368997045414,0.5198763036944536,-0.7868933664858752,0.4707202377026861,2
217,111.15047805644087,11.428632602801224,0.5202001504964024,-0.7877982819686545,0.4711793579363825,2
218,111.14002496592477,11.42863260280122,0.5200571840417938,-0.7877982819686546,0.471136468,2
219,111.02824313049923,11.86005255007606,0.5185283488446087,-0.7797878701209349,0.4674736527017565,2
220,110.78246094460708,11.3891163431112,0.515166796807083,-0.7885320021334221,0.4699628398954937,2
221,110.54939276302086,12.162119881007571,0.5119791336416274,-0.774179219566441,0.4632654279190646,2
222,110.33328723623345,12.23076832773772,0.5090234679522857,-0.7729045860348012,0.4618688747996061,2
223,109.98889696576651,13.069141381622204,0.5043132575227142,-0.7573380516497631,0.4542291979167194,2
224,109.78277180600055,13.408066251901667,0.5014940928697456,-0.7510450468558891,0.4508662466032793,2
225,109.48944135297543,13.701861580428794,0.4974822252949832,-0.7455899871274173,0.4474806624394618,2
226,109.29323232983909,13.576727803346202,0.4947986832021711,-0.74791341490776,0.4476049709237553,2
227,109.2308126361015,13.743319652723027,0.4939449718239291,-0.7448202122582044,0.4461115764504605,2
228,109.10135141724264,13.5767278033462,0.492174336484936,-0.74791341490776,0.4468176669085848,2
229,109.1140062646424,13.701861580428794,0.4923474162706289,-0.7455899871274173,0.4459402197321556,2
230,109.1188116903829,13.408066251901676,0.4924131398649995,-0.7510450468558889,0.4481419607018554,2
231,109.07517246781563,13.666809016953533,0.491816288156628,-0.7462408273853349,0.4460412174011223,2
232,108.82730506264188,13.408066251901674,0.4884262166676241,-0.7510450468558889,0.4469458837426428,2
233,108.6162479401397,13.020592223326632,0.4855395977794153,-0.7582394906195284,0.448957675581636,2
234,108.44691223710946,12.744365121611247,0.4832236008918422,-0.7633683514017411,0.4503144208282491,2
235,108.04288034965758,12.666223880250003,0.4776976747163577,-0.7648192428812601,0.4492369995674113,2
236,107.59436097304058,12.74436512161125,0.4715632951279273,-0.763368351401741,0.4468163290990746,2
237,107.02161670955518,12.925145287612152,0.4637298972805124,-0.7600117064605098,0.4431236517683576,2
238,106.2247521155336,13.278450765055394,0.4528312156289433,-0.7534516890105687,0.4372300402929104,2
239,105.16819551282548,14.09966889824014,0.4383807379114366,-0.7382036794895012,0.4267956931692315,2
240,104.04914672307214,13.63645852642311,0.4230755573279395,-0.746804361664324,0.4256444118641114,2
241,102.94864626372232,13.63645852642311,0.4080240614353581,-0.746804361664324,0.421128963096337,2
242,101.82088162660531,13.68801431910416,0.3925996745946716,-0.7458470968574472,0.4161187411213803,2
243,100.62380007622846,13.688014319104164,0.3762272434107475,-0.7458470968574471,0.4112070117662031,2
244,99.47032757132637,13.832865065303514,0.3604512512044411,-0.7431575732486393,0.4053984046607881,2
245,98.3975524045144,13.936343216958686,0.3457789529061987,-0.741236237396566,0.400228180830486,2
246,97.18451494429304,15.300162863583344,0.3291882934521756,-0.7159134466343781,0.3851218666894039,2
247,96.07107616553164,15.081900463801004,0.3139598407397894,-0.7199660448607051,0.3821743701662189,2
248,95.33509415295036,15.425747702264356,0.3038938474498588,-0.7135816437448296,0.3766008117328895,2
249,94.4171405760234,15.341207149373904,0.2913390371584943,-0.7151513547671505,0.3734622530544085,2
250,93.56894470127791,14.940563625732006,0.2797382998608668,-0.722590323801303,0.3729576194787812,2
251,92.86274432994249,15.857464236125546,0.2700796287552005,-0.7055657250105597,0.363250178630784,2
252,92.32539009312232,14.976104091767075,0.2627302587302773,-0.721930424387752,0.367591247374184,2
253,91.90593009785944,15.074964206199043,0.2569933230096585,-0.7200948341770652,0.3651359305737236,2
254,91.37346035437382,15.067701912708294,0.2497107579830772,-0.7202296771813986,0.3630050982674826,2
255,90.58866354662592,15.879658038779429,0.2389771269082596,-0.7051536404492231,0.3537545942521671,2
256,90.14565444101484,15.69392465477543,0.2329181110515821,-0.7086022545180456,0.3533163351226929,2
257,89.38694789827926,15.879658038779429,0.222541315372273,-0.7051536404492231,0.3488238507913711,2
258,88.71271835162645,16.012174867893513,0.2133199078154808,-0.7026931274741903,0.3450732233343204,2
259,88.0515836736443,16.072145770199363,0.2042775981957553,-0.7015796146906862,0.341915125335001,2
260,87.63302283645913,16.446187782322962,0.1985529602202201,-0.6946345705767407,0.3374197162967624,2
261,86.98922792280395,16.818040070260228,0.189747805786872,-0.6877301842781706,0.3320164154473298,2
262,86.37985522552641,17.070348713485632,0.1814134424777074,-0.6830454306923859,0.3276422050202666,2
263,86.0925158035402,17.283532870562244,0.1774835139683114,-0.6790871229961849,0.3248799033889674,2
264,85.4531386241306,18.444768038660733,0.1687387806899816,-0.6575258298587608,0.3136319661504989,2
265,85.13743439670648,19.036728763104243,0.1644209079967234,-0.6465345689529546,0.3079400999801989,2
266,84.56601734796986,18.68380308181394,0.1566056624064658,-0.6530875345184789,0.3082167125293313,2
267,84.23462540497339,18.40462703778591,0.1520732295242544,-0.6582711499373017,0.308930428832197,2
268,83.94742536939583,18.475586386030955,0.1481452073965774,-0.6569536086240662,0.3072250056685996,2
269,83.87084282055409,18.60446597997373,0.1470977912782635,-0.6545606301983586,0.3059535894628225,2
270,83.66245999706724,18.72030680221964,0.1442477486588813,-0.6524097498303328,0.3042382245297975,2
271,83.50996633205763,20.78263956286592,0.1421620995771054,-0.6141172812410283,0.2882955423695429,2
272,83.13458161998935,19.39692169074575,0.1370279795466861,-0.639846668420608,0.297047061232249,2
273,82.90338948584574,19.5527227614114,0.1338659749987593,-0.6369538241044584,0.2949413221414112,2
274,82.5149487654005,19.552722761411392,0.1285532885217842,-0.6369538241044587,0.2933475161983187,2
275,82.13256439231048,19.290630733733483,0.1233234344385319,-0.6418202311794345,0.2937251228033334,2
276,81.87851433885524,19.552722761411392,0.1198488031436474,-0.6369538241044587,0.2907361705848777,2
277,81.59179613068858,19.290630733733483,0.115927370948064,-0.6418202311794345,0.291506303756193,2
278,81.52744254629448,21.17598989918832,0.1150472098332264,-0.6068137288339482,0.2772396544835472,2
279,81.51074470071177,20.90273987193654,0.1148188341409966,-0.6118873126344048,0.2792005752960609,2
280,81.3548877097548,20.236031720410832,0.1126871849996553,-0.6242664502002216,0.2835127355799853,2
281,81.07267414022843,20.84248890077543,0.1088273625466356,-0.6130060256106458,0.277850619008249,2
282,80.50674104676362,22.372297319483117,0.1010871207690048,-0.5846012298672758,0.2641666281776118,2
283,79.97690332913177,22.14638033867528,0.0938405538430974,-0.5887959549167211,0.2636705481196176,2
284,79.4067552382304,23.55608707009833,0.0860426637327788,-0.5626211533700336,0.2508612604678471,2
285,78.86572068310863,23.725192522216037,0.0786429581579434,-0.559481279273543,0.2473853991568002,2
286,78.51339177620666,24.78015540819011,0.0738241713505251,-0.539893202148014,0.2381045322643631,2
287,78.3841896307587,29.924880654100555,0.0720570793470637,-0.444368254070337,0.1993644254322539,2
288,78.5833661724539,29.79098789902745,0.0747812080593726,-0.4468543146207042,0.2011760882660934,2
289,78.55568441888462,29.924880654100555,0.0744026059455728,-0.444368254070337,0.2000680834118066,2
290,78.57867400791532,30.323011866380423,0.0747170335334287,-0.4369759325053771,0.1972054830621795,2
291,78.49049010693835,30.323011866380423,0.0735109462373536,-0.4369759325053772,0.1968436568733569,2
292,77.98816436277882,31.74082878565082,0.0666406593504022,-0.4106505446326982,0.1842524156581999,2
293,77.82823665343768,31.02677663445437,0.064453335174563,-0.4239087443241228,0.188899498282018,2
294,77.61450851921197,31.02677663445437,0.0615301849776717,-0.4239087443241228,0.1880225532229506,2
295,77.44603722158885,31.32385397744025,0.0592260105244504,-0.4183927456250011,0.1851249014073356,2
296,77.4307203074615,31.21874007707549,0.0590165217703875,-0.4203444533245653,0.1858427378609424,2
297,77.45632136728247,30.819929150873534,0.0593666663282269,-0.4277493955123983,0.1889097581034274,2
298,77.19228893380864,32.48295565369628,0.0557555064652973,-0.3968710662060429,0.1754750784220063,2
299,76.9303338153542,32.68471508212974,0.0521727579476029,-0.3931248877409036,0.1729017824806423,2
300,76.71743816396285,32.91806270293386,0.049260993581454,-0.3887921939048078,0.1702951756363593,2
301,76.49056405103497,32.86023840449121,0.0461580464178658,-0.3898658495117331,0.1697937537300529,2
302,76.3716414364214,32.86023840449122,0.0445315471009562,-0.389865849511733,0.16930580393498,2
303,76.3618121553705,32.86023840449122,0.0443971124606908,-0.389865849511733,0.1692654735429004,2
304,76.53926278328393,33.372581630822054,0.0468240968153843,-0.3803528905578789,0.1661883852677668,2
305,76.56016450412997,33.874453125407854,0.0471099687228326,-0.3710343660166348,0.1625467370235037,2
306,76.6069461683939,33.05658814064149,0.0477497994666858,-0.3862201157836336,0.1688129861534592,2
307,76.47093699032888,33.58552713643569,0.0458896079805246,-0.3763990140348738,0.1643264880081069,2
308,76.16193376455966,34.66553634673631,0.0416633845892073,-0.3563458880065425,0.1550373705793792,2
309,75.93290024030783,34.52230712369695,0.0385309032528737,-0.3590053039014763,0.1551613925364526,2
310,75.81335690395335,34.015303849884965,0.0368959143522893,-0.3684191130149173,0.1584364195116537,2
311,76.00038151462056,34.74196346782949,0.0394538416437801,-0.3549268235424186,0.1538068819101015,2
312,76.21768612988741,34.18399572899575,0.0424259072129852,-0.3652869179563002,0.1588425393464157,2
313,76.67483820390582,34.58611920610825,0.0486783558202655,-0.357820469810693,0.1577316946703568,2
314,77.08910965433466,33.96695229189689,0.0543443280436913,-0.3693168830309075,0.1640300516254704,2
315,77.36217158620697,31.312608651650656,0.0580789839550795,-0.4186015437844405,0.1848643127003001,2
316,76.91750859051552,27.56496137452304,0.0519973479172474,-0.4881861755090663,0.2108736745788007,2
317,76.33925071201244,27.793097704286215,0.0440885406021792,-0.4839502425848382,0.206806659214589,2
318,75.39349385377996,27.866917482922283,0.0311534660675653,-0.4825795900846059,0.2023778758541119,2
319,75.03604394504745,28.15734322694525,0.0262646395456123,-0.477187095288063,0.1987542299789089,2
320,74.8407489091,24.0622115834292,0.0235935980149788,-0.5532236606865901,0.2283675436791297,2
321,75.15300944189858,25.511477887413736,0.0278643714498302,-0.5263143347611877,0.2188850453394241,2
322,75.3053670450647,26.239038563317685,0.0299481596198172,-0.5128053148491273,0.2141065738255961,2
323,75.28668913210885,27.086327059976224,0.02969270263409,-0.4970732425262259,0.2077371078007173,2
324,75.1003610298139,28.551495652592354,0.027144301456664,-0.4698686500465879,0.1960907504556344,2
325,74.57215135179989,31.04149871197772,0.0199200011562838,-0.4236353913997599,0.1754301569067891,2
326,73.740348638349,25.31747143772461,0.0085434723974129,-0.5299165593985521,0.2145296654786447,2
327,73.4849897521541,25.742355696400463,0.0050509402552933,-0.5220274992818245,0.2103262817893177,2
328,73.68237111084966,24.3242397620152,0.0077505163294672,-0.5483584391328808,0.2216685305519925,2
329,73.1156867864709,24.32423976201516,0.0,-0.5483584391328815,0.2193433756531526,2
0,107.78697071952244,71.01482278411191,0.151879437952612,-0.5661091391705593,0.2720074870540073,3
1,108.39328399409372,58.79796827222158,0.1583588833742087,-0.6407524504255452,0.3038086451824807,3
2,108.57454839865396,61.803529032920736,0.1602959889357795,-0.6223888849809137,0.2970443506730993,3
3,108.27974953257312,63.29253299700107,0.1571455826306068,-0.6132912742790279,0.2924601845007932,3
4,108.67492477199328,62.934088411887664,0.1613686740639911,-0.6154813217014837,0.2946031308997908,3
5,109.19409384902156,62.26208650782345,0.1669168417196705,-0.6195871614853814,0.2979099171100537,3
6,110.38478221967108,62.30775664270182,0.1796412873739547,-0.6193081232035171,0.3016156354935932,3
7,111.22613251802436,62.14975059377088,0.1886324864244435,-0.6202735185660504,0.3046991533537532,3
8,112.40697201702544,60.37302455223611,0.2012516808348793,-0.6311290718350234,0.3128271329844732,3
9,113.77583188510263,33.52865067371484,0.2158801792976446,-0.795144527115225,0.3828218646353834,3
10,114.78179018294172,31.887199856159608,0.2266304830772532,-0.8051735672552445,0.3900585718252738,3
11,115.49249851155548,31.45950207084424,0.2342255597794467,-0.8077867422653333,0.3933823648399673,3
12,116.3261132423617,31.40816752143531,0.2431340916843717,-0.8081003893457611,0.396180383243616,3
13,116.82973823454392,31.613005567616952,0.2485161454619408,-0.8068488568810733,0.3972943863910115,3
14,117.17926379658552,31.211218395222645,0.2522513956992094,-0.8093037215877045,0.3993969073448446,3
15,117.46186967604108,29.73774212295593,0.2552715000719026,-0.8183064602149507,0.4039040341075511,3
16,118.1173635023843,29.000253614654557,0.2622765198366232,-0.8228124141999585,0.4078079216309704,3
17,118.33577881948204,28.448517982991145,0.2646106434419101,-0.8261834434976092,0.4098565704316167,3
18,118.77964754829054,56.63450218634164,0.2693541041631053,-0.6539709325054268,0.3423946042511023,3
19,117.96828268159392,59.40750404487722,0.260683348315843,-0.6370282701666168,0.3330163125613996,3
20,117.63492740759328,60.03245745666017,0.2571209039583185,-0.6332098902399197,0.3304202272834634,3
21,117.31599343017632,59.99724780116405,0.253712574656561,-0.6334250164225078,0.3294837789659715,3
22,117.03930910550125,60.02365697908497,0.2507557517468017,-0.6332636599550456,0.3285321895060588,3
23,116.9387121914144,60.68015106158802,0.249680709781297,-0.6292525708412611,0.3266052412708935,3
24,116.56476737455512,60.71496469099336,0.2456845000112868,-0.6290398643239584,0.3253212957329694,3
25,116.65838742540308,75.88282894417831,0.2466849828231886,-0.5363662868968113,0.2885520096056811,3
26,115.50128099453606,78.56664404787475,0.2343194149225309,-0.5199685434399279,0.2782832418527304,3
27,114.52669119423668,79.27004537234309,0.2239043346590323,-0.5156708574890673,0.2734396433933366,3
28,114.50386771285676,83.94897802832385,0.223660428566037,-0.487083218482515,0.2619314159628171,3
29,113.16373136101264,99.00869342276476,0.2093388876837075,-0.3950704158003931,0.2208298326252695,3
30,113.42741239277642,104.19482408468156,0.2121567492177994,-0.3633838663019343,0.2090005712861135,3
31,112.28497906882058,114.98747570980592,0.1999479873766222,-0.2974422400235236,0.1789612922223961,3
32,112.10484361269457,114.98747570980592,0.19802294646887,-0.2974422400235236,0.1783837799500704,3
33,111.51074909562166,115.88684900399818,0.1916740783835299,-0.2919471921233071,0.1742811003643818,3
34,110.4462575920435,117.11248526490708,0.1802982519115381,-0.284458722090421,0.1678729644096298,3
35,109.70066392967944,117.34058099133742,0.1723303685670868,-0.283065088378298,0.1649251459214452,3
36,108.74334046673812,118.25016783074771,0.1620998072564705,-0.2775076371127974,0.1596329970220601,3
37,107.9998330463218,118.41683481667631,0.1541542188070899,-0.2764893246089945,0.1568419954857247,3
38,108.30218490879432,130.04784514667716,0.157385341187503,-0.2054254412315476,0.1293857788488699,3
39,107.29882662615584,131.32174478782122,0.1466628228074461,-0.1976420885421148,0.1230556822590798,3
40,106.939153348186,131.35707720112964,0.1428191276881861,-0.1974262123260722,0.1218162232368847,3
41,107.26218178203231,133.06493046870014,0.1462712129294517,-0.1869914622924169,0.1186779487958022,3
42,106.74425856666188,135.1648780782937,0.140736359335914,-0.1741610694208722,0.1118853355691231,3
43,106.6075079433401,135.2173964890613,0.1392749560690807,-0.1738401891093545,0.111318562464466,3
44,105.31745483056196,136.28088130621992,0.1254886362146833,-0.1673424422347507,0.1045835677583053,3
45,104.42850739250058,138.3338508805006,0.1159887841593913,-0.1547990787379601,0.0967162667430014,3
46,104.46307201052876,136.36901261395906,0.1163581634315016,-0.1668039719903455,0.1016290378255887,3
47,104.3615190944458,126.55953273347008,0.1152729050267127,-0.2267385532899934,0.1252772928240112,3
48,104.76836420948192,125.17888105331508,0.1196207080989508,-0.2351741463468009,0.1299558709684056,3
49,105.0352909505578,125.16470049466824,0.1224732553264361,-0.2352607876219192,0.1308462916466985,3
50,105.42283660621774,125.11269136198774,0.1266148122237364,-0.2355785563139335,0.1322158661926943,3
51,105.9534646646218,124.96600371365008,0.1322854377696276,-0.2364747977958529,0.1342755504492294,3
52,106.1069409586644,124.771732598694,0.1339255820852227,-0.237661767755052,0.1352423817275876,3
53,106.29413094845552,123.05276849742148,0.1359260121816584,-0.248164403463986,0.1400435650400919,3
54,106.00100635527228,113.65954903025089,0.1327934982108872,-0.3055556905331745,0.162060325676536,3
55,106.1486035233481,112.58610265507384,0.1343708144845672,-0.3121143011657143,0.1651569648116559,3
56,106.22337578301858,113.59185578693572,0.1351698779322988,-0.3059692869974457,0.1629386781786679,3
57,105.81467627806909,96.28835645497333,0.1308022576818164,-0.4116913028550498,0.2039171984465648,3
58,106.59304499538467,92.62394550007036,0.1391203959005295,-0.4340803529339214,0.2153682599437274,3
59,106.53073340753843,76.6631712362592,0.1384544950378638,-0.5315985021502112,0.2541757493714436,3
60,107.81192849079608,72.66204312472105,0.1521461524112831,-0.5560448480332649,0.2680617849366909,3
61,108.12549904401644,71.99949684439574,0.1554971647849569,-0.5600929152485226,0.2706863155348961,3
62,108.80688085793273,70.27202498423262,0.1627788398854415,-0.5706475322014287,0.277092664846204,3
63,109.52485524144652,69.74211613630469,0.1704515662254208,-0.5738852028337637,0.2806895510011317,3
64,110.30575148221293,71.06098984350317,0.1787967151512026,-0.5658270647478415,0.2799698404444974,3
65,110.83674609431851,70.56165689236772,0.1844712579207519,-0.5688779208299204,0.2828925457081938,3
66,111.77742171189205,64.58100133969536,0.1945239098733321,-0.6054189088143888,0.3005247364877551,3
67,111.88026999598152,43.83204930314354,0.1956230113962764,-0.7321921697688951,0.351563771326441,3
68,112.111693005492,43.602226313248,0.1980961433930728,-0.7335963568247064,0.3528673857478044,3
69,111.86735608888972,43.3106075382617,0.1954850052537584,-0.7353781076811083,0.3527967446485708,3
70,111.2140097856194,36.78346612988369,0.1885029352727983,-0.7752580495496705,0.3666541004017077,3
71,111.2410177437416,35.62719026514269,0.1887915593190477,-0.7823227370422233,0.3695665626126037,3
72,110.7439384989114,33.56192973964781,0.1834794575192593,-0.7949411965709927,0.3730203158841749,3
73,111.59566692432692,28.993378747048617,0.192581563770198,-0.8228544187013667,0.386916236611606,3
74,112.8415307762305,35.010838395160924,0.2058956493588027,-0.786088562724183,0.376204119897314,3
75,112.13744771356944,50.20688874631553,0.1983713744202263,-0.6932427720909473,0.3368085211624468,3
76,112.17913772830244,50.22911893945545,0.1988169001680816,-0.6931069486493089,0.336887849510148,3
77,112.20207367019972,50.28465142622153,0.1990620080849773,-0.6927676527454074,0.3368256635236561,3
78,112.1309002295443,50.26244579412692,0.198301403883263,-0.6929033261224161,0.3366517516139453,3
79,111.87342673749224,50.30684725666735,0.1955498800271529,-0.6926320392551332,0.3357177797101991,3
80,111.47716671705672,50.38445566221152,0.1913151959407981,-0.6921578625048578,0.3342577037841825,3
81,111.67672998514682,52.500312167266,0.1934478546800604,-0.6792302684564915,0.3297264637866147,3
82,111.06036223410575,61.49970627817573,0.1868609607920341,-0.6242452004855886,0.3057563684318457,3
83,110.77059123989032,62.0790699846079,0.1837642854914505,-0.6207053674273354,0.3034114326183693,3
84,110.3195502240102,61.8887483881893,0.1789441771945258,-0.6218682063680949,0.3024305357055957,3
85,109.69543163176232,62.44456663683028,0.1722744529369905,-0.6184722328387278,0.2990712290165883,3
86,108.92600949767989,62.9798026085775,0.1640519235399872,-0.6152020142079738,0.2952963827451857,3
87,108.65719332550124,65.69450204603824,0.1611791846620439,-0.5986155716930942,0.2877999840758509,3
88,107.98668275255248,74.16332033305635,0.1540136864876935,-0.5468722494865014,0.2649530057409086,3
89,107.24867454521024,78.27305258178315,0.1461268660918419,-0.5217623471693539,0.2525429986952941,3
90,107.05808895413328,79.04442319607374,0.1440901484620009,-0.5170493781477942,0.2500467957977179,3
91,106.95548810102603,78.25081697149164,0.1429936911423296,-0.5218982037090482,0.2516573888263181,3
92,106.72760944297,77.93140938935832,0.1405584363169016,-0.5238497403789149,0.2517074270466364,3
93,106.61449164266791,77.60919246584132,0.1393495882774346,-0.5258184417406521,0.2521322531794912,3
94,104.745030714792,92.38088797668055,0.119371351682591,-0.4355654011804724,0.2100375659769662,3
95,103.41729272389556,93.68039103423156,0.1051823074920661,-0.4276256151162952,0.2026049382941379,3
96,102.85839556396718,94.48893601315426,0.0992095805274422,-0.422685515807865,0.1988370804813787,3
97,102.56326002023356,95.33245427974674,0.0960555762728802,-0.4175317344919584,0.1958293666786474,3
98,102.76517066149168,94.32266093769488,0.0982133205198566,-0.4237014337922677,0.198944569672864,3
99,103.01226048638247,94.83971117111444,0.1008538779705308,-0.4205423275370498,0.1984730944059791,3
100,102.64103929555502,97.5386602009476,0.0968867745832472,-0.4040521178599922,0.190686879518971,3
101,102.70991562792996,98.49940635861722,0.0976228304394853,-0.3981820901524371,0.1885596851928205,3
102,102.14504831309053,98.01411497517768,0.091586302640331,-0.4011471541751105,0.1879347524621435,3
103,100.69204244094108,90.45597953701017,0.0760585669949112,-0.4473263286483263,0.2017481015578039,3
104,100.0426979279513,90.02556025125972,0.0691192626646448,-0.4499561316540959,0.2007182314610318,3
105,100.07609529106536,98.24333081019216,0.0694761679157723,-0.399746676752636,0.1807415210757861,3
106,98.64550836804747,113.49340148107592,0.0541880152770254,-0.3065708293494099,0.1388847363228716,3
107,98.27715207922006,114.6979667944581,0.0502515280364207,-0.2992110999259125,0.1347598983812912,3
108,98.07382123372167,114.72599865615544,0.0480786065926911,-0.2990398290823664,0.1340395136107539,3
109,97.12875662739413,117.3404732494292,0.0379790511427269,-0.283065746666631,0.1246200140094704,3
110,95.1682971979614,112.56514838261444,0.0170283472623843,-0.3122423289063891,0.1300054357412709,3
111,94.56409437701645,111.77393273209996,0.010571455477101,-0.3170765483868362,0.1300020559978648,3
112,94.21204211179185,122.26274773944844,0.0068092032986621,-0.2529913223143242,0.1032392899153283,3
113,94.24840869169748,132.68826679237182,0.0071978394700131,-0.1892928258719911,0.0778764821898004,3
114,93.89074140247747,132.5020029192012,0.0033755816096189,-0.1904308726783194,0.0771850235542134,3
115,94.3068620232968,133.36049429204357,0.0078225085770455,-0.1851856077297662,0.0764209956650201,3
116,95.5421993724035,135.05247847559113,0.0210241013286745,-0.1748478156304877,0.0762463566507974,3
117,94.96480494143609,136.43275051980737,0.0148537008787872,-0.166414542097377,0.071021927102587,3
118,95.48788261912928,138.59190299843377,0.0204436383022504,-0.1532224155682262,0.0674220577179656,3
119,94.9223003688562,142.5178129273671,0.0143994702528879,-0.1292356424999868,0.0560140980758611,3
120,94.3878354274492,142.86335583906742,0.0086878413593062,-0.1271244225386703,0.05345612142326,3
121,94.918374352893,146.39621505539498,0.0143575143742608,-0.1055391356018629,0.0465229085530234,3
122,95.13670881498558,158.2180845473051,0.0166907739120515,-0.0333091288319836,0.0183308837064089,3
123,95.1486223786291,163.6697824156921,0.0168180897546074,0.0,0.0050454269263822,3
124,96.30238196809673,163.2203009138263,0.0291478912007082,-0.0027462705407905,0.0098428755765287,3
125,96.558436950223,163.07926894121155,0.0318842559665766,-0.0036079566170666,0.0110084594367996,3
126,96.52383815310594,161.32084957246727,0.0315145114352015,-0.0143516586174653,0.0151950168775466,3
127,96.10005476879712,163.24446558949558,0.0269856953522118,-0.0025986276753048,0.0091351596757854,3
128,95.49980580511496,161.7069084782713,0.0205710569752138,-0.0119928914699444,0.0109684736805419,3
129,95.960621053083,159.69006977266935,0.0254956188706458,-0.0243155002975137,0.0173748857801992,3
130,95.81793084332772,161.29170062715568,0.0239707414432807,-0.0145297546892103,0.0130031243086683,3
131,96.26323767372,161.18161363133206,0.0287295706235114,-0.015202371186885,0.0146998196618074,3
132,96.814277540618,159.35948988917838,0.0346183296074112,-0.0263352982016335,0.0209196181628768,3
133,98.0164401568775,156.00417748252772,0.0474653962751251,-0.0468357983986018,0.0329739382419783,3
134,97.67323603681092,146.42935846042093,0.0437977009471435,-0.1053366339272302,0.0552739638550351,3
135,98.67281836292076,143.20976151451228,0.0544798670781766,-0.1250079312087983,0.0663471326069723,3
136,99.07080091297992,141.67361949182668,0.0587329592006931,-0.1343935490058824,0.0713773073625609,3
137,99.2303933809564,140.48237013097773,0.0604384648020384,-0.1416719197794403,0.0748003073523876,3
138,101.26714985337496,139.90318852327394,0.0822045269247111,-0.1452106402393525,0.0827456141731543,3
139,102.52430685683062,138.43819329939265,0.0956392982416161,-0.1541615608201623,0.0903564138005497,3
140,103.75642162351132,136.88161343172965,0.1088064524483187,-0.163672051056592,0.0981107561571324,3
141,104.95514277972671,137.52125802565945,0.1216167415070612,-0.1597639100149841,0.100390586458112,3
142,104.45933282552376,130.43781434783398,0.1163182041461335,-0.2030427827138845,0.1161125743293938,3
143,104.97291620088996,131.7391777123515,0.1218066794767743,-0.1950916304284107,0.1145786560143966,3
144,105.09271511202262,130.39698377002438,0.1230869260733867,-0.2032922519635344,0.1182429786074297,3
145,104.37886070524026,117.97130901231876,0.1154582283989327,-0.2792114263786786,0.1463220390711512,3
146,104.49058354843996,116.97539448647014,0.116652169048459,-0.2852963280089573,0.1491141819181206,3
147,104.28165201739746,110.957368660588,0.1144193951524929,-0.3220656432549288,0.1631520758477194,3
148,103.62272936014864,111.06070373210044,0.1073777327417269,-0.3214342800919351,0.1607870318592921,3
149,103.61471644701088,109.32386074412118,0.1072921017065481,-0.3320461533549422,0.1650060918539413,3
150,102.86496447675978,96.41179950142016,0.0992797800657073,-0.4109370827135863,0.1941587671051467,3
151,103.55508579519486,67.39856208240283,0.1066548510143719,-0.5882039977836441,0.2672780544177692,3
152,104.42651773405323,62.7357935574262,0.1159675214164204,-0.6166928761590917,0.2814674068885628,3
153,104.53989141175218,62.7357935574262,0.1171791039228653,-0.6166928761590917,0.2818308816404963,3
154,104.80769143430956,62.72636173093414,0.1200409835861297,-0.6167505033298062,0.2827124964077614,3
155,105.18500170430734,62.97132184590384,0.1240731587074599,-0.6152538305087503,0.2833234798157381,3
156,105.6589097910314,62.45221913495147,0.1291376389218392,-0.6184254771211588,0.2861114825250153,3
157,106.219695578269,61.53599999999999,0.1351305489470772,-0.6240234508059068,0.2901485450064859,3
158,106.20032210993456,61.15777883859573,0.1349235118658112,-0.6263343304064164,0.2910107857223099,3
159,106.05242299883558,61.75674905174332,0.1333429688388652,-0.6226747042719701,0.2890727723604476,3
160,105.9902529280062,61.75674905174332,0.132678580316149,-0.6226747042719701,0.2888734558036328,3
161,105.88396907065058,61.8429146221295,0.131542764094049,-0.6221482444141124,0.2883221269938597,3
162,105.92355509181014,61.24308225232222,0.131965805241784,-0.6258131382079088,0.2899149968556987,3
163,105.77414268685452,61.88117191909021,0.1303690902038295,-0.6219144975587305,0.2878765260846411,3
164,105.5812430567635,61.85248116478432,0.1283076432960329,-0.6220897941460567,0.2873282106472326,3
165,105.34071028864255,61.85248116478432,0.1257371586826996,-0.6220897941460567,0.2865570652632325,3
166,104.8803220792948,61.9767118430786,0.1208171603908517,-0.6213307616816599,0.2847774527899195,3
167,104.02979320927062,62.71192251453775,0.1117278733441338,-0.6168387249684207,0.2802538519906085,3
168,104.46501762251395,69.87902053213547,0.116378955466244,-0.5730487356874759,0.2641331809148636,3
169,103.22615526821993,82.87452064465671,0.1031396922896381,-0.4936480062387436,0.2284011101823889,3
170,102.97557908730894,65.93142857142858,0.1004618774433233,-0.5971679830063286,0.2690057564355284,3
171,102.86654612921856,66.2329249327165,0.0992966825997806,-0.5953258814477027,0.2679193573590153,3
172,102.55331186838636,66.2146915049979,0.0959492640583155,-0.595437285198899,0.2669596932970542,3
173,102.63590721568636,68.6499951977643,0.0968319299463198,-0.5805579124959943,0.2612727439822936,3
174,102.39157174448614,90.1556872415712,0.0942208072534818,-0.4491610735291882,0.2079306715877198,3
175,101.54522163033272,93.09518211486564,0.0851761770231827,-0.4312011616266437,0.1980333177576123,3
176,101.58668408468417,92.59732559852904,0.0856192709175155,-0.4342429968939024,0.1993829800328156,3
177,101.77210598962633,92.17704811394212,0.0876008061459678,-0.4368108348807549,0.2010045757960923,3
178,102.22623866133748,91.91591332299322,0.0924539538237866,-0.4384063327612719,0.2030987192516447,3
179,102.23327040394229,90.83368764092415,0.0925290994528489,-0.445018583758957,0.2057661633394375,3
180,102.01590861442024,91.71453446428217,0.0902062345065973,-0.4396367300633199,0.2029165623773072,3
181,101.60955306909683,91.6943722536994,0.0858636632845706,-0.4397599184141882,0.2016630663510464,3
182,101.37777963054384,91.76156239406563,0.0833867863823753,-0.4393493958401704,0.2007557942507807,3
183,101.45337624636882,90.82704070610563,0.0841946594190356,-0.445059195622188,0.2032820760745859,3
184,101.4598698508743,91.72125421623932,0.0842640541655261,-0.4395956732973245,0.2011174855685876,3
185,101.40481832934005,91.63385900419124,0.0836757389428232,-0.4401296460976678,0.2011545801219141,3
186,101.1971928670857,91.63385900419124,0.0814569225203031,-0.4401296460976678,0.2004889351951581,3
187,101.18574699739436,91.41163436346602,0.081334604749807,-0.4414874082785988,0.2009953447363816,3
188,101.33756535464605,91.57330576647324,0.0829570313089225,-0.4404996181036439,0.2010869566341343,3
189,101.03146134674245,91.89579529554112,0.0796858111398674,-0.4385292511592508,0.1993174438056605,3
190,101.41550427876815,94.97262545798648,0.0837899357268974,-0.4197302394111277,0.1930290764825203,3
191,100.26821037305405,105.91640072717728,0.0715292306485509,-0.3528652683232114,0.1626048765238498,3
192,100.10274142258127,106.13148323659668,0.0697609252550803,-0.3515511435883651,0.1615487350118701,3
193,100.36704600303112,107.41867213385204,0.0725854504230536,-0.3436865953604818,0.1592502732711088,3
194,100.49071603776076,109.81323448929096,0.0739070662839039,-0.3290561466600786,0.1537945785492026,3
195,100.80267909347812,110.78798268035656,0.0772408999270885,-0.3231005684422871,0.1524124973550414,3
196,101.14379800983107,109.66159358681598,0.0808863114552232,-0.329982651847761,0.1562589541756713,3
197,100.3054454219895,95.00865586355803,0.0719271478267924,-0.4195100985577595,0.1893821837711415,3
198,100.27904224372196,94.58744715060284,0.0716449868388736,-0.4220836262226611,0.1903269465407265,3
199,99.50848891817876,92.62394550007036,0.0634103688176581,-0.4340803529339214,0.192655251818866,3
200,99.22773242893528,92.78689641713105,0.0604100281932531,-0.4330847451029853,0.19135690649917,3
201,99.3878687840878,93.07137402815842,0.0621213461154244,-0.4313466257823103,0.1911750541475514,3
202,99.9808896836055,90.1761934825373,0.0684587408475586,-0.4490357831997001,0.2001519355341476,3
203,100.6438154696873,65.26878433064309,0.0755431832136329,-0.6012166487466086,0.2631496144627333,3
204,101.361219327134,64.80443426957757,0.0832098125528233,-0.6040537641518589,0.2665844494265906,3
205,102.732995772696,71.40880679008488,0.0978694793990352,-0.5637019507442173,0.2548416241173975,3
206,103.24868148514572,96.2927454677365,0.1033804216275023,-0.4116644865869616,0.1956799211230354,3
207,102.95129274639932,103.23995316321516,0.1002023383122934,-0.3692179971193213,0.1777479003414165,3
208,103.47381270160342,103.21655865732602,0.1057863155620641,-0.369360934352718,0.1794802684097064,3
209,103.85686476787605,102.17917998026802,0.1098798511337504,-0.3756991762795218,0.1832436258519338,3
210,104.34471574093942,103.21070920229556,0.1150933338107908,-0.3693966737234443,0.182286669632615,3
211,104.69563551746104,103.15804918113344,0.1188434835018699,-0.3697184192551171,0.1835404127526078,3
212,104.7245309882133,102.31227482017982,0.1191522786965703,-0.3748859849992049,0.1857000776086531,3
213,104.4656651822366,102.9751686868247,0.1163858756971808,-0.3708357940790432,0.1832500803407715,3
214,104.11881811847432,104.7073058539852,0.112679249579061,-0.3602526727380423,0.1779048439689352,3
215,104.33500181831184,105.74751673680096,0.1149895247171512,-0.3538971264211674,0.1760557079836123,3
216,104.72930305370048,105.61040482599338,0.1192032759931319,-0.3547348614555999,0.1776549273801795,3
217,105.39340454456318,104.2826428663946,0.1263002826807858,-0.3628473055488321,0.1830290070237686,3
218,108.60797788731038,102.39898260275832,0.1606532375006808,-0.3743562122989623,0.1979384561697892,3
219,107.71218223040454,90.4717854679568,0.1510802010667864,-0.4472297565706137,0.2242159629482814,3
220,108.55939571524796,89.37945387273429,0.1601340578199067,-0.4539037533163795,0.2296017186725238,3
221,109.0838833831667,89.34699828000413,0.1657390632867304,-0.4541020525518959,0.2313625400067775,3
222,109.42456923800457,87.03158286684031,0.1693798468468343,-0.4682489242528863,0.2381135237552048,3
223,109.0542552226505,84.26163824659477,0.1654224381078693,-0.4851729072836108,0.2436958943458051,3
224,108.6683789302871,84.3493651191282,0.1612987210778825,-0.4846369080830338,0.2422443795565783,3
225,108.49426080673308,84.28864085528234,0.1594379851748515,-0.485007925035275,0.2418345655665654,3
226,108.57664951123223,84.19965836454375,0.1603184427477718,-0.4855515958914663,0.242316171180918,3
227,108.96347977457026,83.69257098544558,0.1644523545122681,-0.488649830468514,0.244795638541086,3
228,110.06982957568596,83.570123851861,0.176275505108125,-0.4893979657185114,0.2486418378198421,3
229,110.56203234116776,82.56191177031823,0.1815354937790861,-0.4955580037332384,0.2526838496270212,3
230,111.11588950666864,82.45366929601957,0.1874543601897888,-0.4962193504565068,0.2547240482395393,3
231,111.49997612391378,82.44689942291845,0.1915589516245801,-0.4962607134558412,0.2559719708697106,3
232,111.97284137866713,81.71346382736854,0.1966122874798937,-0.5007419046978941,0.2592804481231258,3
233,112.39947149734276,81.74027710580222,0.2011715255587939,-0.5005780792315317,0.2605826893602508,3
234,112.73950451608454,76.90548542302392,0.2048053325013121,-0.5301179955888395,0.2734887979859295,3
235,111.77417725676165,32.54875992073058,0.1944892375829141,-0.8011315256834488,0.3787993815482537,3
236,110.74770304355484,32.98120734833467,0.1835196878136917,-0.7984893310081621,0.3744516387473723,3
237,110.07706910789824,53.67787850881913,0.176352871307769,-0.6720354990606214,0.3217200610165793,3
238,108.68513255758052,56.805543185638,0.1614777608881824,-0.6529258953777917,0.3096136864175713,3
239,107.9755764337352,58.3079671347288,0.1538949973716385,-0.6437462904017497,0.3036670153721915,3
240,107.38365014602526,58.89653995629563,0.1475693003505122,-0.6401501909087353,0.3003308664686477,3
241,106.90366195467544,58.39208469324869,0.1424398443097202,-0.6432323436164704,0.3000248907395042,3
242,106.67755903023767,56.37769003852499,0.1400235660918405,-0.6555400196272291,0.3042230776784438,3
243,106.84049492308546,54.40131739754319,0.1417648016365724,-0.667615386330914,0.3095755950233373,3
244,106.71935715623646,55.40501891047948,0.1404702471847551,-0.6614829072738633,0.3067342370649718,3
245,106.2707479723645,55.48871234022709,0.1356761269758901,-0.6609715518574122,0.3050914588357319,3
246,105.84709812882146,55.98803849680751,0.1311487379936085,-0.6579207372891359,0.3025129163137369,3
247,105.44594792471447,56.06196407262235,0.1268617943254011,-0.6574690621251336,0.3010461631476738,3
248,105.0800115225192,56.1147084290741,0.1229511675170464,-0.657146801316368,0.2997440707816611,3
249,104.62815091307644,56.125251352310215,0.1181223005272483,-0.6570823854964133,0.2982696443567398,3
250,104.00674161199584,56.722958881920114,0.1114815294610511,-0.6534304741857976,0.2948166485126343,3
251,103.0868467509152,61.67320418371105,0.1016509537571069,-0.6231851519966459,0.2797693469257905,3
252,102.81824151887264,64.43089613037571,0.0987804691182776,-0.6063360311267922,0.2721685531862002,3
253,102.43775010573916,69.84841439861036,0.0947142982983699,-0.5732357349800354,0.2577085834815251,3
254,102.2946934775776,71.18564021626834,0.0931855050931975,-0.5650654680075917,0.2539818387309959,3
255,102.48442906353236,70.49834449120064,0.0952131390330908,-0.5692647509474449,0.2562698420889052,3
256,102.6923062264142,70.16355594041738,0.0974346452870014,-0.5713102632334756,0.2577544988794906,3
257,102.63677796754114,70.76012906997838,0.096841235348915,-0.5676652829521075,0.2561184837855175,3
258,101.993941206398,72.08201335157284,0.0899714769525346,-0.5595887506681144,0.2508269433530061,3
259,100.86021031698374,72.82899717145636,0.0778557148064195,-0.5550247816271688,0.2453666270927934,3
260,99.75285098020068,72.87975498723908,0.0660217756767597,-0.5547146583103686,0.2416923960271753,3
261,98.7156197920702,73.68516759894834,0.0549372701002963,-0.5497936973374772,0.2363986599650797,3
262,97.39002172024092,74.37810016395954,0.0407710944323385,-0.5455599740760184,0.2304553179601089,3
263,96.97919473269155,73.13118357534243,0.0363807385632091,-0.5531784640025839,0.2321856071699962,3
264,97.18815788930236,71.79100465148517,0.0386138504299114,-0.5613667740502716,0.236130864749082,3
265,97.59720864483964,68.15129363409032,0.0429852243653422,-0.5836049108869824,0.2463375316643956,3
266,98.15636577455425,52.58714456892523,0.0489607295307936,-0.6786997343506986,0.2861681125995176,3
267,98.5448830267763,50.57689903419241,0.0531126695207296,-0.6909820598054192,0.2923266247783865,3
268,99.37527791963495,57.73635159194713,0.0619867922099527,-0.6472387832391255,0.2774915509586361,3
269,99.84690634315044,69.81649159075921,0.0670269105078789,-0.5734307789727626,0.2494803847414687,3
270,99.84170224702116,70.48048550560915,0.0669712962598447,-0.5693738669084237,0.2478409356413229,3
271,99.94797515013244,69.7866211605061,0.0681069954179921,-0.573613283218887,0.2498774119129524,3
272,99.81587130650456,70.26582362986274,0.0666952505648462,-0.5706854216290209,0.2482827438210622,3
273,99.43827552732924,70.19412379115869,0.062660024312672,-0.5711234978434925,0.2472474064311986,3
274,98.92636299666847,70.94393665791135,0.0571894046806128,-0.5665422437128536,0.2437737188893253,3
275,98.35698936984934,70.37323641658583,0.0511047195942113,-0.5700291441834368,0.2433430735516381,3
276,97.89678215417992,74.25529056586659,0.0461866555147742,-0.54631032393462,0.2323801262282803,3
277,97.26948759266251,89.43770326638098,0.0394829908498525,-0.4535478574827873,0.1932640402480707,3
278,96.25752245241992,95.3242649654326,0.0286684941700685,-0.4175817700830937,0.175633256284258,3
279,96.3913477227947,94.22785314609337,0.0300986352733403,-0.4242806964405232,0.1787418691582114,3
280,96.35616243769404,90.19669506140453,0.0297226231620861,-0.4489105213549989,0.1884809954906254,3
281,95.66900877944867,86.39576724817019,0.0223792664988173,-0.472133670779006,0.1955672482612476,3
282,95.817805528908,85.27070476506239,0.0239694022544865,-0.4790076487760582,0.1987938801867692,3
283,95.167291020061,97.08727437105236,0.0170175946117934,-0.4068100235847571,0.1678292878174409,3
284,94.2089545683716,103.32922891946356,0.0067762078655795,-0.3686725344509488,0.1495018761400534,3
285,93.9772101267464,102.32897980924074,0.0042996408428126,-0.3747839197992984,0.1512034601725632,3
286,93.57487178615368,103.21855271395562,0.0,-0.3693487509392609,0.1477395003757043,3
287,93.94478968153996,101.91405219550975,0.0039531755515695,-0.3773190708064472,0.1521135809880497,3
288,94.273037409015,100.78183526806802,0.0074610374509178,-0.3842367614805028,0.1559330158274764,3
289,94.57985661485648,101.96681639899056,0.0107399006754664,-0.3769966887350469,0.1540206456966587,3
290,94.52786570688164,101.08145232039358,0.010184293096397,-0.382406142242771,0.1560177448260275,3
291,94.35796113188802,102.18418074509113,0.0083685858263736,-0.3756686222899625,0.1527780246638971,3
292,94.38815962659952,101.16596588181224,0.0086913059555609,-0.3818897759339064,0.1553633021602308,3
293,94.556397307671,101.15946734537503,0.0104891997475604,-0.3819294811033108,0.1559185523655924,3
294,94.74982799493766,101.13996923076454,0.0125563218667197,-0.3820486119185579,0.1565863413274391,3
295,95.03480036597448,101.09445900542718,0.0156017160585286,-0.3823266731749832,0.1576111840875519,3
296,95.30387359609972,100.9056979798465,0.0184772020195479,-0.3834799772412235,0.1589351515023538,3
297,95.59862397650674,96.80925192149766,0.0216270901762808,-0.4085087027511321,0.1698916081533371,3
298,94.89987337320616,87.5071826811948,0.0141598012560518,-0.4653430743926686,0.190385170133883,3
299,94.85941835218576,87.4771269761416,0.0137274734286322,-0.465526710642498,0.1903289262855888,3
300,94.94099168752471,87.35680074728012,0.0145992174533033,-0.4662618874545248,0.1908845202178009,3
301,95.2684598600818,87.26644719707569,0.0180987485379457,-0.4668139352966545,0.1921551986800455,3
302,95.55841985977496,86.93434742148813,0.0211974436700728,-0.4688430195337441,0.1938964409145195,3
303,95.89704761956776,85.94681114958605,0.0248162331306308,-0.4748767311775581,0.1973955624102125,3
304,96.29635438383612,87.68695978930339,0.0290834766399877,-0.4642446608342515,0.1944229073256969,3
305,96.61889794622908,85.2115754403312,0.0325303802395999,-0.4793689208683068,0.2015066824192027,3
306,96.9340510174333,62.40922499352705,0.0358983043968934,-0.618688165448777,0.2582447574985789,3
307,97.0258085610716,62.99696344110562,0.0368788832840117,-0.6150971638667879,0.2571025305319186,3
308,96.89491711205916,64.428430187465,0.0354800948431193,-0.606351097700929,0.2531844675333074,3
309,97.08447479500022,65.68295440980101,0.0375058275993903,-0.5986861261721604,0.2507261987486813,3
310,97.44756482007212,66.60198434109472,0.0413860362295626,-0.5930709789059441,0.2496442024312464,3
311,97.6209991909307,41.465949000902576,0.0432394651207604,-0.7466487192144824,0.3116313272220211,3
312,99.07776739096924,17.9880178869157,0.05880740737098,-0.8900956693323552,0.3736804899442361,3
313,99.5371615478436,17.799691392757865,0.0637167825921847,-0.8912463184709941,0.375613562166053,3
314,100.05288373959928,16.96093668525941,0.0692281146614849,-0.8963709950919244,0.3793168324352153,3
315,100.1059164038023,17.199834882928354,0.069794855103558,-0.894911359757027,0.3789030004338782,3
316,100.10945622764336,17.785251123851484,0.0698326838899993,-0.8913345465403009,0.3774836237831201,3
317,100.23131517480785,16.690635637985725,0.0711349453287642,-0.898022497545732,0.3805494826169221,3
318,100.64323646778364,16.745133200815175,0.0755369956347178,-0.8976895248856289,0.3817369086446669,3
319,101.606234341151,13.94293406301966,0.0858281972680804,-0.914810578610002,0.391672690624425,3
320,102.28203315510548,12.521668802519876,0.0930502089155969,-0.9234943150916088,0.3973127887113226,3
321,103.13185820613153,12.162119881007564,0.102131974509336,-0.9256911098585204,0.4009160362962089,3
322,103.38335030161552,12.514718111558247,0.1048195773954905,-0.9235367828633566,0.4008605863639898,3
323,103.9181914668239,13.023504781739794,0.1105352268535058,-0.9204281658500504,0.4013318343960719,3
324,104.04794670245724,12.439618396323633,0.1119218730028041,-0.9239956318587312,0.4031748146443337,3
325,103.789402542281,11.59612631246078,0.1091589073129649,-0.9291492532017384,0.4044073734745849,3
326,103.99772904692664,11.916395159610971,0.1113852155158948,-0.9271924543203371,0.4042925463829034,3
327,104.77084133748004,13.042420557549878,0.1196471802484803,-0.920312593045279,0.4040191912926557,3
328,105.2665686492637,11.749724081866784,0.124944834440479,-0.928210791824574,0.4087677670619734,3
329,105.29306109841814,12.402977319982488,0.125227949433305,-0.9242195038270344,0.4072561863608053,3
330,105.20265446841452,9.930329299675796,0.1242618072598995,-0.9393270452669478,0.413009360284749,3
